CVE ID,Functionality
CVE-2019-17558,Create Or Upload File
CVE-2019-17558,Delete Files
CVE-2019-17558,Disable Protections
CVE-2019-17558,Memory Modification (Memory Errors)
CVE-2019-17558,Password Reset
CVE-2019-17558,Change Ownership or Permissions
CVE-2019-17558,Modify Configuration
CVE-2019-17558,Obtain Sensitive Information - Other Data
CVE-2019-17558,Obtain Sensitive Information - Credentials
CVE-2019-17558,Read From Memory
CVE-2019-17558,Read Files
CVE-2019-17558,Memory Read (Memory Errors)
CVE-2019-17558,Restart Or Reboot
CVE-2019-17558,Write To Existing File
CVE-2021-21166,Memory Modification (Memory Errors)
CVE-2021-21166,Obtain Sensitive Information - Other Data
CVE-2021-21166,Obtain Sensitive Information - Credentials
CVE-2021-21166,Read From Memory
CVE-2021-21166,Read Files
CVE-2021-21166,Memory Read (Memory Errors)
CVE-2021-21166,Write To Existing File
CVE-2023-20198,Create Account
CVE-2023-20198,Create Or Upload File
CVE-2023-20198,Delete Files
CVE-2023-20198,Disable Protections
CVE-2023-20198,Memory Modification (Memory Errors)
CVE-2023-20198,Password Reset
CVE-2023-20198,Change Ownership or Permissions
CVE-2023-20198,Modify Configuration
CVE-2023-20198,Obtain Sensitive Information - Other Data
CVE-2023-20198,Obtain Sensitive Information - Credentials
CVE-2023-20198,Read From Memory
CVE-2023-20198,Read Files
CVE-2023-20198,Memory Read (Memory Errors)
CVE-2023-20198,Restart Or Reboot
CVE-2023-20198,Write To Existing File
CVE-2024-4577,Create Account
CVE-2024-4577,Create Or Upload File
CVE-2024-4577,Disable Protections
CVE-2024-4577,Memory Modification (Memory Errors)
CVE-2024-4577,Password Reset
CVE-2024-4577,Change Ownership or Permissions
CVE-2024-4577,Modify Configuration
CVE-2024-4577,Obtain Sensitive Information - Other Data
CVE-2024-4577,Obtain Sensitive Information - Credentials
CVE-2024-4577,Read From Memory
CVE-2024-4577,Read Files
CVE-2024-4577,Memory Read (Memory Errors)
CVE-2024-4577,Restart Or Reboot
CVE-2024-4577,Write To Existing File
CVE-2023-20269,Obtain Sensitive Information - Other Data
CVE-2023-20269,Obtain Sensitive Information - Credentials
CVE-2016-7855,Create Account
CVE-2016-7855,Create Or Upload File
CVE-2016-7855,Delete Files
CVE-2016-7855,Disable Protections
CVE-2016-7855,Memory Modification (Memory Errors)
CVE-2016-7855,Password Reset
CVE-2016-7855,Change Ownership or Permissions
CVE-2016-7855,Modify Configuration
CVE-2016-7855,Obtain Sensitive Information - Other Data
CVE-2016-7855,Obtain Sensitive Information - Credentials
CVE-2016-7855,Read From Memory
CVE-2016-7855,Read Files
CVE-2016-7855,Memory Read (Memory Errors)
CVE-2016-7855,Restart Or Reboot
CVE-2016-7855,Write To Existing File
CVE-2021-21017,Delete Files
CVE-2021-21017,Disable Protections
CVE-2021-21017,Memory Modification (Memory Errors)
CVE-2021-21017,Change Ownership or Permissions
CVE-2021-21017,Modify Configuration
CVE-2021-21017,Obtain Sensitive Information - Other Data
CVE-2021-21017,Obtain Sensitive Information - Credentials
CVE-2021-21017,Read From Memory
CVE-2021-21017,Read Files
CVE-2021-21017,Memory Read (Memory Errors)
CVE-2021-21017,Restart Or Reboot
CVE-2021-21017,Write To Existing File
CVE-2022-22947,Create Account
CVE-2022-22947,Create Or Upload File
CVE-2022-22947,Delete Files
CVE-2022-22947,Disable Protections
CVE-2022-22947,Memory Modification (Memory Errors)
CVE-2022-22947,Password Reset
CVE-2022-22947,Change Ownership or Permissions
CVE-2022-22947,Modify Configuration
CVE-2022-22947,Obtain Sensitive Information - Other Data
CVE-2022-22947,Obtain Sensitive Information - Credentials
CVE-2022-22947,Read From Memory
CVE-2022-22947,Read Files
CVE-2022-22947,Memory Read (Memory Errors)
CVE-2022-22947,Restart Or Reboot
CVE-2022-22947,Write To Existing File
CVE-2021-27104,Create Account
CVE-2021-27104,Create Or Upload File
CVE-2021-27104,Delete Files
CVE-2021-27104,Disable Protections
CVE-2021-27104,Memory Modification (Memory Errors)
CVE-2021-27104,Password Reset
CVE-2021-27104,Change Ownership or Permissions
CVE-2021-27104,Modify Configuration
CVE-2021-27104,Obtain Sensitive Information - Other Data
CVE-2021-27104,Obtain Sensitive Information - Credentials
CVE-2021-27104,Read From Memory
CVE-2021-27104,Read Files
CVE-2021-27104,Memory Read (Memory Errors)
CVE-2021-27104,Restart Or Reboot
CVE-2021-27104,Write To Existing File
CVE-2021-45046,Create Account
CVE-2021-45046,Create Or Upload File
CVE-2021-45046,Disable Protections
CVE-2021-45046,Memory Modification (Memory Errors)
CVE-2021-45046,Password Reset
CVE-2021-45046,Change Ownership or Permissions
CVE-2021-45046,Modify Configuration
CVE-2021-45046,Obtain Sensitive Information - Other Data
CVE-2021-45046,Obtain Sensitive Information - Credentials
CVE-2021-45046,Read From Memory
CVE-2021-45046,Read Files
CVE-2021-45046,Memory Read (Memory Errors)
CVE-2021-45046,Restart Or Reboot
CVE-2021-45046,Write To Existing File
CVE-2023-23397,Disable Protections
CVE-2023-23397,Memory Modification (Memory Errors)
CVE-2023-23397,Change Ownership or Permissions
CVE-2023-23397,Modify Configuration
CVE-2023-23397,Obtain Sensitive Information - Other Data
CVE-2023-23397,Obtain Sensitive Information - Credentials
CVE-2023-23397,Memory Read (Memory Errors)
CVE-2023-23397,Write To Existing File
CVE-2021-28550,Delete Files
CVE-2021-28550,Disable Protections
CVE-2021-28550,Memory Modification (Memory Errors)
CVE-2021-28550,Change Ownership or Permissions
CVE-2021-28550,Modify Configuration
CVE-2021-28550,Obtain Sensitive Information - Other Data
CVE-2021-28550,Obtain Sensitive Information - Credentials
CVE-2021-28550,Read From Memory
CVE-2021-28550,Read Files
CVE-2021-28550,Memory Read (Memory Errors)
CVE-2021-28550,Restart Or Reboot
CVE-2021-28550,Write To Existing File
CVE-2022-47966,Create Account
CVE-2022-47966,Create Or Upload File
CVE-2022-47966,Delete Files
CVE-2022-47966,Disable Protections
CVE-2022-47966,Memory Modification (Memory Errors)
CVE-2022-47966,Password Reset
CVE-2022-47966,Change Ownership or Permissions
CVE-2022-47966,Modify Configuration
CVE-2022-47966,Obtain Sensitive Information - Other Data
CVE-2022-47966,Obtain Sensitive Information - Credentials
CVE-2022-47966,Read From Memory
CVE-2022-47966,Read Files
CVE-2022-47966,Memory Read (Memory Errors)
CVE-2022-47966,Restart Or Reboot
CVE-2022-47966,Write To Existing File
CVE-2008-2992,Create Or Upload File
CVE-2008-2992,Delete Files
CVE-2008-2992,Disable Protections
CVE-2008-2992,Memory Modification (Memory Errors)
CVE-2008-2992,Modify Configuration
CVE-2008-2992,Obtain Sensitive Information - Other Data
CVE-2008-2992,Obtain Sensitive Information - Credentials
CVE-2008-2992,Read From Memory
CVE-2008-2992,Read Files
CVE-2008-2992,Memory Read (Memory Errors)
CVE-2008-2992,Restart Or Reboot
CVE-2008-2992,Write To Existing File
CVE-2019-11634,Create Account
CVE-2019-11634,Create Or Upload File
CVE-2019-11634,Delete Files
CVE-2019-11634,Disable Protections
CVE-2019-11634,Memory Modification (Memory Errors)
CVE-2019-11634,Password Reset
CVE-2019-11634,Change Ownership or Permissions
CVE-2019-11634,Modify Configuration
CVE-2019-11634,Obtain Sensitive Information - Other Data
CVE-2019-11634,Obtain Sensitive Information - Credentials
CVE-2019-11634,Read From Memory
CVE-2019-11634,Read Files
CVE-2019-11634,Memory Read (Memory Errors)
CVE-2019-11634,Restart Or Reboot
CVE-2019-11634,Write To Existing File
CVE-2012-5054,Create Or Upload File
CVE-2012-5054,Delete Files
CVE-2012-5054,Disable Protections
CVE-2012-5054,Memory Modification (Memory Errors)
CVE-2012-5054,Modify Configuration
CVE-2012-5054,Obtain Sensitive Information - Other Data
CVE-2012-5054,Obtain Sensitive Information - Credentials
CVE-2012-5054,Read From Memory
CVE-2012-5054,Read Files
CVE-2012-5054,Memory Read (Memory Errors)
CVE-2012-5054,Write To Existing File
CVE-2018-4878,Create Or Upload File
CVE-2018-4878,Delete Files
CVE-2018-4878,Disable Protections
CVE-2018-4878,Memory Modification (Memory Errors)
CVE-2018-4878,Change Ownership or Permissions
CVE-2018-4878,Modify Configuration
CVE-2018-4878,Obtain Sensitive Information - Other Data
CVE-2018-4878,Obtain Sensitive Information - Credentials
CVE-2018-4878,Read From Memory
CVE-2018-4878,Read Files
CVE-2018-4878,Memory Read (Memory Errors)
CVE-2018-4878,Restart Or Reboot
CVE-2018-4878,Write To Existing File
CVE-2021-37975,Disable Protections
CVE-2021-37975,Memory Modification (Memory Errors)
CVE-2021-37975,Obtain Sensitive Information - Other Data
CVE-2021-37975,Obtain Sensitive Information - Credentials
CVE-2021-37975,Read From Memory
CVE-2021-37975,Read Files
CVE-2021-37975,Memory Read (Memory Errors)
CVE-2021-37975,Write To Existing File
CVE-2022-24086,Create Or Upload File
CVE-2022-24086,Disable Protections
CVE-2022-24086,Memory Modification (Memory Errors)
CVE-2022-24086,Change Ownership or Permissions
CVE-2022-24086,Modify Configuration
CVE-2022-24086,Obtain Sensitive Information - Other Data
CVE-2022-24086,Obtain Sensitive Information - Credentials
CVE-2022-24086,Read From Memory
CVE-2022-24086,Read Files
CVE-2022-24086,Memory Read (Memory Errors)
CVE-2022-24086,Write To Existing File
CVE-2009-1862,Create Or Upload File
CVE-2009-1862,Delete Files
CVE-2009-1862,Disable Protections
CVE-2009-1862,Memory Modification (Memory Errors)
CVE-2009-1862,Change Ownership or Permissions
CVE-2009-1862,Modify Configuration
CVE-2009-1862,Obtain Sensitive Information - Other Data
CVE-2009-1862,Obtain Sensitive Information - Credentials
CVE-2009-1862,Read From Memory
CVE-2009-1862,Read Files
CVE-2009-1862,Memory Read (Memory Errors)
CVE-2009-1862,Restart Or Reboot
CVE-2009-1862,Write To Existing File
CVE-2021-27103,Create Or Upload File
CVE-2021-27103,Disable Protections
CVE-2021-27103,Obtain Sensitive Information - Other Data
CVE-2021-27103,Obtain Sensitive Information - Credentials
CVE-2021-27103,Read From Memory
CVE-2021-27103,Read Files
CVE-2012-1535,Create Account
CVE-2012-1535,Create Or Upload File
CVE-2012-1535,Delete Files
CVE-2012-1535,Disable Protections
CVE-2012-1535,Memory Modification (Memory Errors)
CVE-2012-1535,Password Reset
CVE-2012-1535,Change Ownership or Permissions
CVE-2012-1535,Modify Configuration
CVE-2012-1535,Obtain Sensitive Information - Other Data
CVE-2012-1535,Obtain Sensitive Information - Credentials
CVE-2012-1535,Read From Memory
CVE-2012-1535,Read Files
CVE-2012-1535,Memory Read (Memory Errors)
CVE-2012-1535,Restart Or Reboot
CVE-2012-1535,Write To Existing File
CVE-2020-15505,Create Account
CVE-2020-15505,Create Or Upload File
CVE-2020-15505,Delete Files
CVE-2020-15505,Disable Protections
CVE-2020-15505,Memory Modification (Memory Errors)
CVE-2020-15505,Password Reset
CVE-2020-15505,Change Ownership or Permissions
CVE-2020-15505,Modify Configuration
CVE-2020-15505,Obtain Sensitive Information - Other Data
CVE-2020-15505,Obtain Sensitive Information - Credentials
CVE-2020-15505,Read From Memory
CVE-2020-15505,Read Files
CVE-2020-15505,Memory Read (Memory Errors)
CVE-2020-15505,Restart Or Reboot
CVE-2020-15505,Write To Existing File
CVE-2021-21148,Create Or Upload File
CVE-2021-21148,Disable Protections
CVE-2021-21148,Memory Modification (Memory Errors)
CVE-2021-21148,Modify Configuration
CVE-2021-21148,Obtain Sensitive Information - Other Data
CVE-2021-21148,Obtain Sensitive Information - Credentials
CVE-2021-21148,Read From Memory
CVE-2021-21148,Read Files
CVE-2021-21148,Memory Read (Memory Errors)
CVE-2021-21148,Restart Or Reboot
CVE-2021-21148,Write To Existing File
CVE-2022-3075,Create Or Upload File
CVE-2022-3075,Delete Files
CVE-2022-3075,Disable Protections
CVE-2022-3075,Memory Modification (Memory Errors)
CVE-2022-3075,Modify Configuration
CVE-2022-3075,Obtain Sensitive Information - Other Data
CVE-2022-3075,Obtain Sensitive Information - Credentials
CVE-2022-3075,Read From Memory
CVE-2022-3075,Read Files
CVE-2022-3075,Memory Read (Memory Errors)
CVE-2022-3075,Write To Existing File
CVE-2020-8195,Obtain Sensitive Information - Other Data
CVE-2022-22965,Create Account
CVE-2022-22965,Create Or Upload File
CVE-2022-22965,Delete Files
CVE-2022-22965,Disable Protections
CVE-2022-22965,Password Reset
CVE-2022-22965,Change Ownership or Permissions
CVE-2022-22965,Modify Configuration
CVE-2022-22965,Obtain Sensitive Information - Other Data
CVE-2022-22965,Obtain Sensitive Information - Credentials
CVE-2022-22965,Read From Memory
CVE-2022-22965,Read Files
CVE-2022-22965,Restart Or Reboot
CVE-2022-22965,Write To Existing File
CVE-2021-27101,Create Account
CVE-2021-27101,Create Or Upload File
CVE-2021-27101,Disable Protections
CVE-2021-27101,Password Reset
CVE-2021-27101,Change Ownership or Permissions
CVE-2021-27101,Modify Configuration
CVE-2021-27101,Obtain Sensitive Information - Other Data
CVE-2021-27101,Obtain Sensitive Information - Credentials
CVE-2021-27101,Read Files
CVE-2021-27101,Write To Existing File
CVE-2023-29298,Create Account
CVE-2023-29298,Create Or Upload File
CVE-2023-29298,Delete Files
CVE-2023-29298,Disable Protections
CVE-2023-29298,Password Reset
CVE-2023-29298,Change Ownership or Permissions
CVE-2023-29298,Modify Configuration
CVE-2023-29298,Obtain Sensitive Information - Other Data
CVE-2023-29298,Obtain Sensitive Information - Credentials
CVE-2023-29298,Read From Memory
CVE-2023-29298,Read Files
CVE-2023-29298,Memory Read (Memory Errors)
CVE-2023-29298,Restart Or Reboot
CVE-2023-29298,Write To Existing File
CVE-2021-27102,Create Account
CVE-2021-27102,Create Or Upload File
CVE-2021-27102,Delete Files
CVE-2021-27102,Disable Protections
CVE-2021-27102,Memory Modification (Memory Errors)
CVE-2021-27102,Password Reset
CVE-2021-27102,Change Ownership or Permissions
CVE-2021-27102,Modify Configuration
CVE-2021-27102,Obtain Sensitive Information - Other Data
CVE-2021-27102,Obtain Sensitive Information - Credentials
CVE-2021-27102,Read From Memory
CVE-2021-27102,Read Files
CVE-2021-27102,Memory Read (Memory Errors)
CVE-2021-27102,Restart Or Reboot
CVE-2021-27102,Write To Existing File
CVE-2022-29464,Create Account
CVE-2022-29464,Create Or Upload File
CVE-2022-29464,Delete Files
CVE-2022-29464,Disable Protections
CVE-2022-29464,Memory Modification (Memory Errors)
CVE-2022-29464,Password Reset
CVE-2022-29464,Change Ownership or Permissions
CVE-2022-29464,Modify Configuration
CVE-2022-29464,Obtain Sensitive Information - Other Data
CVE-2022-29464,Obtain Sensitive Information - Credentials
CVE-2022-29464,Read From Memory
CVE-2022-29464,Read Files
CVE-2022-29464,Memory Read (Memory Errors)
CVE-2022-29464,Restart Or Reboot
CVE-2022-29464,Write To Existing File
CVE-2022-41328,Create Account
CVE-2022-41328,Create Or Upload File
CVE-2022-41328,Delete Files
CVE-2022-41328,Disable Protections
CVE-2022-41328,Memory Modification (Memory Errors)
CVE-2022-41328,Password Reset
CVE-2022-41328,Change Ownership or Permissions
CVE-2022-41328,Modify Configuration
CVE-2022-41328,Obtain Sensitive Information - Other Data
CVE-2022-41328,Obtain Sensitive Information - Credentials
CVE-2022-41328,Read From Memory
CVE-2022-41328,Read Files
CVE-2022-41328,Memory Read (Memory Errors)
CVE-2022-41328,Restart Or Reboot
CVE-2022-41328,Write To Existing File
CVE-2015-7645,Create Account
CVE-2015-7645,Create Or Upload File
CVE-2015-7645,Delete Files
CVE-2015-7645,Disable Protections
CVE-2015-7645,Memory Modification (Memory Errors)
CVE-2015-7645,Password Reset
CVE-2015-7645,Change Ownership or Permissions
CVE-2015-7645,Modify Configuration
CVE-2015-7645,Obtain Sensitive Information - Other Data
CVE-2015-7645,Obtain Sensitive Information - Credentials
CVE-2015-7645,Read From Memory
CVE-2015-7645,Read Files
CVE-2015-7645,Memory Read (Memory Errors)
CVE-2015-7645,Restart Or Reboot
CVE-2015-7645,Write To Existing File
CVE-2024-4761,Disable Protections
CVE-2024-4761,Memory Modification (Memory Errors)
CVE-2024-4761,Modify Configuration
CVE-2024-4761,Obtain Sensitive Information - Other Data
CVE-2024-4761,Obtain Sensitive Information - Credentials
CVE-2024-4761,Read From Memory
CVE-2024-4761,Read Files
CVE-2024-4761,Memory Read (Memory Errors)
CVE-2024-4761,Restart Or Reboot
CVE-2024-4761,Write To Existing File
CVE-2023-4966,Password Reset
CVE-2023-4966,Obtain Sensitive Information - Other Data
CVE-2023-4966,Obtain Sensitive Information - Credentials
CVE-2023-4966,Read From Memory
CVE-2023-4966,Read Files
CVE-2023-4966,Memory Read (Memory Errors)
CVE-2024-38080,Create Or Upload File
CVE-2024-38080,Disable Protections
CVE-2024-38080,Memory Modification (Memory Errors)
CVE-2024-38080,Change Ownership or Permissions
CVE-2024-38080,Modify Configuration
CVE-2024-38080,Obtain Sensitive Information - Other Data
CVE-2024-38080,Obtain Sensitive Information - Credentials
CVE-2024-38080,Read From Memory
CVE-2024-38080,Read Files
CVE-2024-38080,Memory Read (Memory Errors)
CVE-2024-38080,Restart Or Reboot
CVE-2024-38080,Write To Existing File
CVE-2023-6549,Memory Modification (Memory Errors)
CVE-2023-6549,Obtain Sensitive Information - Other Data
CVE-2023-6549,Read From Memory
CVE-2023-6549,Read Files
CVE-2023-6549,Memory Read (Memory Errors)
CVE-2023-6549,Restart Or Reboot
CVE-2021-26084,Create Account
CVE-2021-26084,Create Or Upload File
CVE-2021-26084,Delete Files
CVE-2021-26084,Disable Protections
CVE-2021-26084,Memory Modification (Memory Errors)
CVE-2021-26084,Password Reset
CVE-2021-26084,Change Ownership or Permissions
CVE-2021-26084,Modify Configuration
CVE-2021-26084,Obtain Sensitive Information - Other Data
CVE-2021-26084,Obtain Sensitive Information - Credentials
CVE-2021-26084,Read From Memory
CVE-2021-26084,Read Files
CVE-2021-26084,Memory Read (Memory Errors)
CVE-2021-26084,Restart Or Reboot
CVE-2021-26084,Write To Existing File
CVE-2021-36380,Create Account
CVE-2021-36380,Create Or Upload File
CVE-2021-36380,Delete Files
CVE-2021-36380,Disable Protections
CVE-2021-36380,Memory Modification (Memory Errors)
CVE-2021-36380,Change Ownership or Permissions
CVE-2021-36380,Modify Configuration
CVE-2021-36380,Obtain Sensitive Information - Other Data
CVE-2021-36380,Obtain Sensitive Information - Credentials
CVE-2021-36380,Read From Memory
CVE-2021-36380,Read Files
CVE-2021-36380,Memory Read (Memory Errors)
CVE-2021-36380,Restart Or Reboot
CVE-2021-36380,Write To Existing File
CVE-2016-1010,Create Or Upload File
CVE-2016-1010,Disable Protections
CVE-2016-1010,Memory Modification (Memory Errors)
CVE-2016-1010,Password Reset
CVE-2016-1010,Modify Configuration
CVE-2016-1010,Obtain Sensitive Information - Other Data
CVE-2016-1010,Obtain Sensitive Information - Credentials
CVE-2016-1010,Read From Memory
CVE-2016-1010,Read Files
CVE-2016-1010,Memory Read (Memory Errors)
CVE-2016-1010,Write To Existing File
CVE-2023-27524,Create Account
CVE-2023-27524,Create Or Upload File
CVE-2023-27524,Password Reset
CVE-2023-27524,Modify Configuration
CVE-2023-27524,Obtain Sensitive Information - Other Data
CVE-2023-27524,Obtain Sensitive Information - Credentials
CVE-2023-27524,Read Files
CVE-2023-27524,Write To Existing File
CVE-2020-29557,Create Account
CVE-2020-29557,Create Or Upload File
CVE-2020-29557,Delete Files
CVE-2020-29557,Disable Protections
CVE-2020-29557,Memory Modification (Memory Errors)
CVE-2020-29557,Password Reset
CVE-2020-29557,Change Ownership or Permissions
CVE-2020-29557,Modify Configuration
CVE-2020-29557,Obtain Sensitive Information - Other Data
CVE-2020-29557,Obtain Sensitive Information - Credentials
CVE-2020-29557,Read From Memory
CVE-2020-29557,Read Files
CVE-2020-29557,Memory Read (Memory Errors)
CVE-2020-29557,Restart Or Reboot
CVE-2020-29557,Write To Existing File
CVE-2021-27860,Create Account
CVE-2021-27860,Create Or Upload File
CVE-2021-27860,Delete Files
CVE-2021-27860,Disable Protections
CVE-2021-27860,Memory Modification (Memory Errors)
CVE-2021-27860,Password Reset
CVE-2021-27860,Change Ownership or Permissions
CVE-2021-27860,Modify Configuration
CVE-2021-27860,Obtain Sensitive Information - Other Data
CVE-2021-27860,Obtain Sensitive Information - Credentials
CVE-2021-27860,Read Files
CVE-2021-27860,Memory Read (Memory Errors)
CVE-2021-27860,Restart Or Reboot
CVE-2021-27860,Write To Existing File
CVE-2010-0188,Memory Modification (Memory Errors)
CVE-2010-0188,Obtain Sensitive Information - Other Data
CVE-2010-0188,Memory Read (Memory Errors)
CVE-2010-0188,Restart Or Reboot
CVE-2022-41073,Disable Protections
CVE-2022-41073,Memory Modification (Memory Errors)
CVE-2022-41073,Change Ownership or Permissions
CVE-2022-41073,Modify Configuration
CVE-2022-41073,Obtain Sensitive Information - Other Data
CVE-2022-41073,Obtain Sensitive Information - Credentials
CVE-2022-41073,Read From Memory
CVE-2022-41073,Read Files
CVE-2022-41073,Memory Read (Memory Errors)
CVE-2022-41073,Restart Or Reboot
CVE-2022-41073,Write To Existing File
CVE-2022-22948,Obtain Sensitive Information - Other Data
CVE-2022-22948,Obtain Sensitive Information - Credentials
CVE-2022-22948,Read From Memory
CVE-2022-22948,Read Files
CVE-2020-5735,Delete Files
CVE-2020-5735,Disable Protections
CVE-2020-5735,Memory Modification (Memory Errors)
CVE-2020-5735,Modify Configuration
CVE-2020-5735,Obtain Sensitive Information - Other Data
CVE-2020-5735,Obtain Sensitive Information - Credentials
CVE-2020-5735,Read From Memory
CVE-2020-5735,Read Files
CVE-2020-5735,Memory Read (Memory Errors)
CVE-2020-5735,Restart Or Reboot
CVE-2022-22047,Create Account
CVE-2022-22047,Create Or Upload File
CVE-2022-22047,Delete Files
CVE-2022-22047,Disable Protections
CVE-2022-22047,Memory Modification (Memory Errors)
CVE-2022-22047,Password Reset
CVE-2022-22047,Change Ownership or Permissions
CVE-2022-22047,Modify Configuration
CVE-2022-22047,Obtain Sensitive Information - Other Data
CVE-2022-22047,Obtain Sensitive Information - Credentials
CVE-2022-22047,Read From Memory
CVE-2022-22047,Read Files
CVE-2022-22047,Memory Read (Memory Errors)
CVE-2022-22047,Restart Or Reboot
CVE-2022-22047,Write To Existing File
CVE-2021-44515,Create Account
CVE-2021-44515,Create Or Upload File
CVE-2021-44515,Delete Files
CVE-2021-44515,Disable Protections
CVE-2021-44515,Memory Modification (Memory Errors)
CVE-2021-44515,Password Reset
CVE-2021-44515,Change Ownership or Permissions
CVE-2021-44515,Modify Configuration
CVE-2021-44515,Obtain Sensitive Information - Other Data
CVE-2021-44515,Obtain Sensitive Information - Credentials
CVE-2021-44515,Read From Memory
CVE-2021-44515,Read Files
CVE-2021-44515,Memory Read (Memory Errors)
CVE-2021-44515,Restart Or Reboot
CVE-2021-44515,Write To Existing File
CVE-2022-26904,Create Account
CVE-2022-26904,Create Or Upload File
CVE-2022-26904,Delete Files
CVE-2022-26904,Disable Protections
CVE-2022-26904,Memory Modification (Memory Errors)
CVE-2022-26904,Password Reset
CVE-2022-26904,Change Ownership or Permissions
CVE-2022-26904,Modify Configuration
CVE-2022-26904,Obtain Sensitive Information - Other Data
CVE-2022-26904,Obtain Sensitive Information - Credentials
CVE-2022-26904,Read From Memory
CVE-2022-26904,Read Files
CVE-2022-26904,Memory Read (Memory Errors)
CVE-2022-26904,Restart Or Reboot
CVE-2022-26904,Write To Existing File
CVE-2020-5902,Create Account
CVE-2020-5902,Create Or Upload File
CVE-2020-5902,Delete Files
CVE-2020-5902,Disable Protections
CVE-2020-5902,Memory Modification (Memory Errors)
CVE-2020-5902,Password Reset
CVE-2020-5902,Change Ownership or Permissions
CVE-2020-5902,Modify Configuration
CVE-2020-5902,Obtain Sensitive Information - Other Data
CVE-2020-5902,Obtain Sensitive Information - Credentials
CVE-2020-5902,Read From Memory
CVE-2020-5902,Read Files
CVE-2020-5902,Memory Read (Memory Errors)
CVE-2020-5902,Restart Or Reboot
CVE-2020-5902,Write To Existing File
CVE-2024-20353,Restart Or Reboot
CVE-2023-20867,Create Or Upload File
CVE-2023-20867,Delete Files
CVE-2023-20867,Disable Protections
CVE-2023-20867,Memory Modification (Memory Errors)
CVE-2023-20867,Change Ownership or Permissions
CVE-2023-20867,Modify Configuration
CVE-2023-20867,Obtain Sensitive Information - Other Data
CVE-2023-20867,Obtain Sensitive Information - Credentials
CVE-2023-20867,Read From Memory
CVE-2023-20867,Read Files
CVE-2023-20867,Memory Read (Memory Errors)
CVE-2023-20867,Restart Or Reboot
CVE-2023-20867,Write To Existing File
CVE-2013-0632,Create Account
CVE-2013-0632,Create Or Upload File
CVE-2013-0632,Delete Files
CVE-2013-0632,Disable Protections
CVE-2013-0632,Memory Modification (Memory Errors)
CVE-2013-0632,Password Reset
CVE-2013-0632,Change Ownership or Permissions
CVE-2013-0632,Modify Configuration
CVE-2013-0632,Obtain Sensitive Information - Other Data
CVE-2013-0632,Obtain Sensitive Information - Credentials
CVE-2013-0632,Read From Memory
CVE-2013-0632,Read Files
CVE-2013-0632,Memory Read (Memory Errors)
CVE-2013-0632,Restart Or Reboot
CVE-2013-0632,Write To Existing File
CVE-2018-15982,Create Account
CVE-2018-15982,Create Or Upload File
CVE-2018-15982,Delete Files
CVE-2018-15982,Disable Protections
CVE-2018-15982,Memory Modification (Memory Errors)
CVE-2018-15982,Password Reset
CVE-2018-15982,Change Ownership or Permissions
CVE-2018-15982,Modify Configuration
CVE-2018-15982,Obtain Sensitive Information - Other Data
CVE-2018-15982,Obtain Sensitive Information - Credentials
CVE-2018-15982,Read From Memory
CVE-2018-15982,Read Files
CVE-2018-15982,Memory Read (Memory Errors)
CVE-2018-15982,Restart Or Reboot
CVE-2018-15982,Write To Existing File
CVE-2021-35464,Create Account
CVE-2021-35464,Create Or Upload File
CVE-2021-35464,Delete Files
CVE-2021-35464,Disable Protections
CVE-2021-35464,Memory Modification (Memory Errors)
CVE-2021-35464,Password Reset
CVE-2021-35464,Change Ownership or Permissions
CVE-2021-35464,Modify Configuration
CVE-2021-35464,Obtain Sensitive Information - Other Data
CVE-2021-35464,Obtain Sensitive Information - Credentials
CVE-2021-35464,Read From Memory
CVE-2021-35464,Read Files
CVE-2021-35464,Memory Read (Memory Errors)
CVE-2021-35464,Restart Or Reboot
CVE-2021-35464,Write To Existing File
CVE-2013-3346,Create Or Upload File
CVE-2013-3346,Disable Protections
CVE-2013-3346,Memory Modification (Memory Errors)
CVE-2013-3346,Change Ownership or Permissions
CVE-2013-3346,Modify Configuration
CVE-2013-3346,Obtain Sensitive Information - Other Data
CVE-2013-3346,Obtain Sensitive Information - Credentials
CVE-2013-3346,Read From Memory
CVE-2013-3346,Read Files
CVE-2013-3346,Memory Read (Memory Errors)
CVE-2013-3346,Restart Or Reboot
CVE-2013-3346,Write To Existing File
CVE-2021-42321,Create Account
CVE-2021-42321,Create Or Upload File
CVE-2021-42321,Delete Files
CVE-2021-42321,Disable Protections
CVE-2021-42321,Memory Modification (Memory Errors)
CVE-2021-42321,Password Reset
CVE-2021-42321,Change Ownership or Permissions
CVE-2021-42321,Modify Configuration
CVE-2021-42321,Obtain Sensitive Information - Other Data
CVE-2021-42321,Obtain Sensitive Information - Credentials
CVE-2021-42321,Read From Memory
CVE-2021-42321,Read Files
CVE-2021-42321,Memory Read (Memory Errors)
CVE-2021-42321,Restart Or Reboot
CVE-2021-42321,Write To Existing File
CVE-2009-3953,Create Or Upload File
CVE-2009-3953,Delete Files
CVE-2009-3953,Disable Protections
CVE-2009-3953,Memory Modification (Memory Errors)
CVE-2009-3953,Password Reset
CVE-2009-3953,Change Ownership or Permissions
CVE-2009-3953,Modify Configuration
CVE-2009-3953,Obtain Sensitive Information - Other Data
CVE-2009-3953,Obtain Sensitive Information - Credentials
CVE-2009-3953,Read From Memory
CVE-2009-3953,Read Files
CVE-2009-3953,Memory Read (Memory Errors)
CVE-2009-3953,Write To Existing File
CVE-2023-38831,Disable Protections
CVE-2023-38831,Memory Modification (Memory Errors)
CVE-2023-38831,Change Ownership or Permissions
CVE-2023-38831,Modify Configuration
CVE-2023-38831,Obtain Sensitive Information - Other Data
CVE-2023-38831,Obtain Sensitive Information - Credentials
CVE-2023-38831,Read From Memory
CVE-2023-38831,Read Files
CVE-2023-38831,Memory Read (Memory Errors)
CVE-2023-38831,Restart Or Reboot
CVE-2022-28810,Create Account
CVE-2022-28810,Create Or Upload File
CVE-2022-28810,Delete Files
CVE-2022-28810,Disable Protections
CVE-2022-28810,Memory Modification (Memory Errors)
CVE-2022-28810,Password Reset
CVE-2022-28810,Change Ownership or Permissions
CVE-2022-28810,Modify Configuration
CVE-2022-28810,Obtain Sensitive Information - Other Data
CVE-2022-28810,Obtain Sensitive Information - Credentials
CVE-2022-28810,Read From Memory
CVE-2022-28810,Read Files
CVE-2022-28810,Memory Read (Memory Errors)
CVE-2022-28810,Restart Or Reboot
CVE-2022-28810,Write To Existing File
CVE-2021-40539,Create Account
CVE-2021-40539,Create Or Upload File
CVE-2021-40539,Delete Files
CVE-2021-40539,Disable Protections
CVE-2021-40539,Memory Modification (Memory Errors)
CVE-2021-40539,Password Reset
CVE-2021-40539,Change Ownership or Permissions
CVE-2021-40539,Modify Configuration
CVE-2021-40539,Obtain Sensitive Information - Other Data
CVE-2021-40539,Obtain Sensitive Information - Credentials
CVE-2021-40539,Read From Memory
CVE-2021-40539,Read Files
CVE-2021-40539,Memory Read (Memory Errors)
CVE-2021-40539,Restart Or Reboot
CVE-2021-40539,Write To Existing File
CVE-2010-1297,Create Account
CVE-2010-1297,Create Or Upload File
CVE-2010-1297,Delete Files
CVE-2010-1297,Disable Protections
CVE-2010-1297,Memory Modification (Memory Errors)
CVE-2010-1297,Password Reset
CVE-2010-1297,Modify Configuration
CVE-2010-1297,Obtain Sensitive Information - Other Data
CVE-2010-1297,Obtain Sensitive Information - Credentials
CVE-2010-1297,Read From Memory
CVE-2010-1297,Read Files
CVE-2010-1297,Memory Read (Memory Errors)
CVE-2010-1297,Restart Or Reboot
CVE-2010-1297,Write To Existing File
CVE-2021-45382,Create Account
CVE-2021-45382,Create Or Upload File
CVE-2021-45382,Delete Files
CVE-2021-45382,Disable Protections
CVE-2021-45382,Memory Modification (Memory Errors)
CVE-2021-45382,Password Reset
CVE-2021-45382,Change Ownership or Permissions
CVE-2021-45382,Modify Configuration
CVE-2021-45382,Obtain Sensitive Information - Other Data
CVE-2021-45382,Obtain Sensitive Information - Credentials
CVE-2021-45382,Read From Memory
CVE-2021-45382,Read Files
CVE-2021-45382,Memory Read (Memory Errors)
CVE-2021-45382,Restart Or Reboot
CVE-2021-45382,Write To Existing File
CVE-2021-22205,Create Account
CVE-2021-22205,Create Or Upload File
CVE-2021-22205,Delete Files
CVE-2021-22205,Disable Protections
CVE-2021-22205,Memory Modification (Memory Errors)
CVE-2021-22205,Password Reset
CVE-2021-22205,Change Ownership or Permissions
CVE-2021-22205,Modify Configuration
CVE-2021-22205,Obtain Sensitive Information - Other Data
CVE-2021-22205,Obtain Sensitive Information - Credentials
CVE-2021-22205,Read From Memory
CVE-2021-22205,Read Files
CVE-2021-22205,Restart Or Reboot
CVE-2021-22205,Write To Existing File
CVE-2023-36844,Disable Protections
CVE-2023-36844,Password Reset
CVE-2023-36844,Modify Configuration
CVE-2023-36844,Obtain Sensitive Information - Other Data
CVE-2023-36844,Obtain Sensitive Information - Credentials
CVE-2023-36844,Read Files
CVE-2023-36844,Memory Read (Memory Errors)
CVE-2023-36844,Write To Existing File
CVE-2024-21893,Create Account
CVE-2024-21893,Create Or Upload File
CVE-2024-21893,Disable Protections
CVE-2024-21893,Password Reset
CVE-2024-21893,Modify Configuration
CVE-2024-21893,Obtain Sensitive Information - Other Data
CVE-2024-21893,Obtain Sensitive Information - Credentials
CVE-2024-21893,Read Files
CVE-2023-28252,Create Or Upload File
CVE-2023-28252,Disable Protections
CVE-2023-28252,Memory Modification (Memory Errors)
CVE-2023-28252,Password Reset
CVE-2023-28252,Change Ownership or Permissions
CVE-2023-28252,Modify Configuration
CVE-2023-28252,Obtain Sensitive Information - Other Data
CVE-2023-28252,Obtain Sensitive Information - Credentials
CVE-2023-28252,Read From Memory
CVE-2023-28252,Read Files
CVE-2023-28252,Memory Read (Memory Errors)
CVE-2023-28252,Restart Or Reboot
CVE-2023-28252,Write To Existing File
CVE-2022-42948,Create Or Upload File
CVE-2022-42948,Delete Files
CVE-2022-42948,Disable Protections
CVE-2022-42948,Memory Modification (Memory Errors)
CVE-2022-42948,Password Reset
CVE-2022-42948,Change Ownership or Permissions
CVE-2022-42948,Modify Configuration
CVE-2022-42948,Obtain Sensitive Information - Other Data
CVE-2022-42948,Obtain Sensitive Information - Credentials
CVE-2022-42948,Read From Memory
CVE-2022-42948,Read Files
CVE-2022-42948,Restart Or Reboot
CVE-2024-30051,Disable Protections
CVE-2024-30051,Memory Modification (Memory Errors)
CVE-2024-30051,Change Ownership or Permissions
CVE-2024-30051,Modify Configuration
CVE-2024-30051,Obtain Sensitive Information - Other Data
CVE-2024-30051,Obtain Sensitive Information - Credentials
CVE-2024-30051,Read Files
CVE-2024-30051,Memory Read (Memory Errors)
CVE-2024-30051,Restart Or Reboot
CVE-2024-30051,Write To Existing File
CVE-2022-26501,Create Account
CVE-2022-26501,Create Or Upload File
CVE-2022-26501,Delete Files
CVE-2022-26501,Disable Protections
CVE-2022-26501,Memory Modification (Memory Errors)
CVE-2022-26501,Password Reset
CVE-2022-26501,Change Ownership or Permissions
CVE-2022-26501,Modify Configuration
CVE-2022-26501,Obtain Sensitive Information - Other Data
CVE-2022-26501,Obtain Sensitive Information - Credentials
CVE-2022-26501,Read From Memory
CVE-2022-26501,Read Files
CVE-2022-26501,Memory Read (Memory Errors)
CVE-2022-26501,Restart Or Reboot
CVE-2022-26501,Write To Existing File
CVE-2021-26085,Obtain Sensitive Information - Other Data
CVE-2021-26085,Obtain Sensitive Information - Credentials
CVE-2021-26085,Read From Memory
CVE-2021-26085,Read Files
CVE-2021-26085,Memory Read (Memory Errors)
CVE-2017-11292,Create Account
CVE-2017-11292,Create Or Upload File
CVE-2017-11292,Delete Files
CVE-2017-11292,Disable Protections
CVE-2017-11292,Memory Modification (Memory Errors)
CVE-2017-11292,Password Reset
CVE-2017-11292,Change Ownership or Permissions
CVE-2017-11292,Modify Configuration
CVE-2017-11292,Obtain Sensitive Information - Other Data
CVE-2017-11292,Obtain Sensitive Information - Credentials
CVE-2017-11292,Read From Memory
CVE-2017-11292,Read Files
CVE-2017-11292,Memory Read (Memory Errors)
CVE-2017-11292,Restart Or Reboot
CVE-2017-11292,Write To Existing File
CVE-2023-34048,Create Or Upload File
CVE-2023-34048,Delete Files
CVE-2023-34048,Disable Protections
CVE-2023-34048,Memory Modification (Memory Errors)
CVE-2023-34048,Password Reset
CVE-2023-34048,Change Ownership or Permissions
CVE-2023-34048,Modify Configuration
CVE-2023-34048,Obtain Sensitive Information - Other Data
CVE-2023-34048,Obtain Sensitive Information - Credentials
CVE-2023-34048,Read From Memory
CVE-2023-34048,Read Files
CVE-2023-34048,Memory Read (Memory Errors)
CVE-2023-34048,Restart Or Reboot
CVE-2023-34048,Write To Existing File
CVE-2024-21762,Create Account
CVE-2024-21762,Create Or Upload File
CVE-2024-21762,Disable Protections
CVE-2024-21762,Memory Modification (Memory Errors)
CVE-2024-21762,Password Reset
CVE-2024-21762,Change Ownership or Permissions
CVE-2024-21762,Modify Configuration
CVE-2024-21762,Obtain Sensitive Information - Other Data
CVE-2024-21762,Obtain Sensitive Information - Credentials
CVE-2024-21762,Read From Memory
CVE-2024-21762,Read Files
CVE-2024-21762,Memory Read (Memory Errors)
CVE-2024-21762,Restart Or Reboot
CVE-2024-21762,Write To Existing File
CVE-2015-8651,Create Account
CVE-2015-8651,Create Or Upload File
CVE-2015-8651,Delete Files
CVE-2015-8651,Disable Protections
CVE-2015-8651,Memory Modification (Memory Errors)
CVE-2015-8651,Password Reset
CVE-2015-8651,Change Ownership or Permissions
CVE-2015-8651,Modify Configuration
CVE-2015-8651,Obtain Sensitive Information - Other Data
CVE-2015-8651,Obtain Sensitive Information - Credentials
CVE-2015-8651,Read From Memory
CVE-2015-8651,Read Files
CVE-2015-8651,Memory Read (Memory Errors)
CVE-2015-8651,Restart Or Reboot
CVE-2015-8651,Write To Existing File
CVE-2021-22894,Create Account
CVE-2021-22894,Create Or Upload File
CVE-2021-22894,Delete Files
CVE-2021-22894,Disable Protections
CVE-2021-22894,Memory Modification (Memory Errors)
CVE-2021-22894,Password Reset
CVE-2021-22894,Change Ownership or Permissions
CVE-2021-22894,Modify Configuration
CVE-2021-22894,Obtain Sensitive Information - Other Data
CVE-2021-22894,Obtain Sensitive Information - Credentials
CVE-2021-22894,Read From Memory
CVE-2021-22894,Read Files
CVE-2021-22894,Memory Read (Memory Errors)
CVE-2021-22894,Restart Or Reboot
CVE-2021-22894,Write To Existing File
CVE-2022-23131,Create Account
CVE-2022-23131,Create Or Upload File
CVE-2022-23131,Delete Files
CVE-2022-23131,Disable Protections
CVE-2022-23131,Password Reset
CVE-2022-23131,Change Ownership or Permissions
CVE-2022-23131,Modify Configuration
CVE-2022-23131,Obtain Sensitive Information - Other Data
CVE-2022-23131,Obtain Sensitive Information - Credentials
CVE-2022-23131,Read Files
CVE-2022-23131,Restart Or Reboot
CVE-2022-23131,Write To Existing File
CVE-2020-12812,Create Account
CVE-2020-12812,Create Or Upload File
CVE-2020-12812,Disable Protections
CVE-2020-12812,Password Reset
CVE-2020-12812,Modify Configuration
CVE-2020-12812,Obtain Sensitive Information - Other Data
CVE-2020-12812,Obtain Sensitive Information - Credentials
CVE-2020-12812,Read Files
CVE-2020-12812,Restart Or Reboot
CVE-2020-12812,Write To Existing File
CVE-2018-4939,Create Account
CVE-2018-4939,Create Or Upload File
CVE-2018-4939,Delete Files
CVE-2018-4939,Disable Protections
CVE-2018-4939,Memory Modification (Memory Errors)
CVE-2018-4939,Password Reset
CVE-2018-4939,Change Ownership or Permissions
CVE-2018-4939,Modify Configuration
CVE-2018-4939,Obtain Sensitive Information - Other Data
CVE-2018-4939,Obtain Sensitive Information - Credentials
CVE-2018-4939,Read From Memory
CVE-2018-4939,Read Files
CVE-2018-4939,Memory Read (Memory Errors)
CVE-2018-4939,Restart Or Reboot
CVE-2018-4939,Write To Existing File
CVE-2021-34473,Create Account
CVE-2021-34473,Create Or Upload File
CVE-2021-34473,Delete Files
CVE-2021-34473,Disable Protections
CVE-2021-34473,Memory Modification (Memory Errors)
CVE-2021-34473,Password Reset
CVE-2021-34473,Change Ownership or Permissions
CVE-2021-34473,Modify Configuration
CVE-2021-34473,Obtain Sensitive Information - Other Data
CVE-2021-34473,Obtain Sensitive Information - Credentials
CVE-2021-34473,Read From Memory
CVE-2021-34473,Read Files
CVE-2021-34473,Memory Read (Memory Errors)
CVE-2021-34473,Restart Or Reboot
CVE-2021-34473,Write To Existing File
CVE-2021-1497,Create Account
CVE-2021-1497,Create Or Upload File
CVE-2021-1497,Delete Files
CVE-2021-1497,Disable Protections
CVE-2021-1497,Memory Modification (Memory Errors)
CVE-2021-1497,Password Reset
CVE-2021-1497,Change Ownership or Permissions
CVE-2021-1497,Modify Configuration
CVE-2021-1497,Obtain Sensitive Information - Other Data
CVE-2021-1497,Obtain Sensitive Information - Credentials
CVE-2021-1497,Read From Memory
CVE-2021-1497,Read Files
CVE-2021-1497,Memory Read (Memory Errors)
CVE-2021-1497,Restart Or Reboot
CVE-2021-1497,Write To Existing File
CVE-2023-49897,Create Account
CVE-2023-49897,Create Or Upload File
CVE-2023-49897,Delete Files
CVE-2023-49897,Disable Protections
CVE-2023-49897,Memory Modification (Memory Errors)
CVE-2023-49897,Password Reset
CVE-2023-49897,Change Ownership or Permissions
CVE-2023-49897,Modify Configuration
CVE-2023-49897,Obtain Sensitive Information - Other Data
CVE-2023-49897,Obtain Sensitive Information - Credentials
CVE-2023-49897,Read Files
CVE-2023-49897,Memory Read (Memory Errors)
CVE-2023-49897,Restart Or Reboot
CVE-2023-49897,Write To Existing File
CVE-2022-30190,Create Account
CVE-2022-30190,Create Or Upload File
CVE-2022-30190,Delete Files
CVE-2022-30190,Disable Protections
CVE-2022-30190,Memory Modification (Memory Errors)
CVE-2022-30190,Password Reset
CVE-2022-30190,Change Ownership or Permissions
CVE-2022-30190,Modify Configuration
CVE-2022-30190,Obtain Sensitive Information - Other Data
CVE-2022-30190,Obtain Sensitive Information - Credentials
CVE-2022-30190,Read From Memory
CVE-2022-30190,Read Files
CVE-2022-30190,Memory Read (Memory Errors)
CVE-2022-30190,Restart Or Reboot
CVE-2022-30190,Write To Existing File
CVE-2024-24919,Obtain Sensitive Information - Other Data
CVE-2024-24919,Obtain Sensitive Information - Credentials
CVE-2024-24919,Read From Memory
CVE-2024-24919,Read Files
CVE-2024-24919,Memory Read (Memory Errors)
CVE-2021-44077,Create Account
CVE-2021-44077,Create Or Upload File
CVE-2021-44077,Delete Files
CVE-2021-44077,Disable Protections
CVE-2021-44077,Memory Modification (Memory Errors)
CVE-2021-44077,Password Reset
CVE-2021-44077,Change Ownership or Permissions
CVE-2021-44077,Modify Configuration
CVE-2021-44077,Obtain Sensitive Information - Other Data
CVE-2021-44077,Obtain Sensitive Information - Credentials
CVE-2021-44077,Read From Memory
CVE-2021-44077,Read Files
CVE-2021-44077,Memory Read (Memory Errors)
CVE-2021-44077,Restart Or Reboot
CVE-2021-44077,Write To Existing File
CVE-2023-5631,Create Account
CVE-2023-5631,Create Or Upload File
CVE-2023-5631,Disable Protections
CVE-2023-5631,Password Reset
CVE-2023-5631,Modify Configuration
CVE-2023-5631,Obtain Sensitive Information - Other Data
CVE-2023-5631,Obtain Sensitive Information - Credentials
CVE-2023-5631,Read From Memory
CVE-2023-5631,Read Files
CVE-2023-5631,Write To Existing File
CVE-2021-42237,Create Account
CVE-2021-42237,Create Or Upload File
CVE-2021-42237,Delete Files
CVE-2021-42237,Disable Protections
CVE-2021-42237,Memory Modification (Memory Errors)
CVE-2021-42237,Password Reset
CVE-2021-42237,Change Ownership or Permissions
CVE-2021-42237,Modify Configuration
CVE-2021-42237,Obtain Sensitive Information - Other Data
CVE-2021-42237,Obtain Sensitive Information - Credentials
CVE-2021-42237,Read From Memory
CVE-2021-42237,Read Files
CVE-2021-42237,Memory Read (Memory Errors)
CVE-2021-42237,Restart Or Reboot
CVE-2021-42237,Write To Existing File
CVE-2023-36846,Create Account
CVE-2023-36846,Create Or Upload File
CVE-2023-36846,Modify Configuration
CVE-2023-36846,Obtain Sensitive Information - Other Data
CVE-2023-36846,Read Files
CVE-2023-36846,Write To Existing File
CVE-2017-9805,Create Account
CVE-2017-9805,Create Or Upload File
CVE-2017-9805,Delete Files
CVE-2017-9805,Disable Protections
CVE-2017-9805,Memory Modification (Memory Errors)
CVE-2017-9805,Password Reset
CVE-2017-9805,Change Ownership or Permissions
CVE-2017-9805,Modify Configuration
CVE-2017-9805,Obtain Sensitive Information - Other Data
CVE-2017-9805,Obtain Sensitive Information - Credentials
CVE-2017-9805,Read From Memory
CVE-2017-9805,Read Files
CVE-2017-9805,Memory Read (Memory Errors)
CVE-2017-9805,Restart Or Reboot
CVE-2017-9805,Write To Existing File
CVE-2022-21971,Create Account
CVE-2022-21971,Create Or Upload File
CVE-2022-21971,Delete Files
CVE-2022-21971,Disable Protections
CVE-2022-21971,Memory Modification (Memory Errors)
CVE-2022-21971,Password Reset
CVE-2022-21971,Change Ownership or Permissions
CVE-2022-21971,Modify Configuration
CVE-2022-21971,Obtain Sensitive Information - Other Data
CVE-2022-21971,Obtain Sensitive Information - Credentials
CVE-2022-21971,Read From Memory
CVE-2022-21971,Read Files
CVE-2022-21971,Memory Read (Memory Errors)
CVE-2022-21971,Restart Or Reboot
CVE-2022-21971,Write To Existing File
CVE-2016-0984,Create Account
CVE-2016-0984,Create Or Upload File
CVE-2016-0984,Delete Files
CVE-2016-0984,Disable Protections
CVE-2016-0984,Memory Modification (Memory Errors)
CVE-2016-0984,Password Reset
CVE-2016-0984,Change Ownership or Permissions
CVE-2016-0984,Modify Configuration
CVE-2016-0984,Obtain Sensitive Information - Other Data
CVE-2016-0984,Obtain Sensitive Information - Credentials
CVE-2016-0984,Read From Memory
CVE-2016-0984,Read Files
CVE-2016-0984,Memory Read (Memory Errors)
CVE-2016-0984,Restart Or Reboot
CVE-2016-0984,Write To Existing File
CVE-2024-21887,Create Or Upload File
CVE-2024-21887,Delete Files
CVE-2024-21887,Disable Protections
CVE-2024-21887,Memory Modification (Memory Errors)
CVE-2024-21887,Password Reset
CVE-2024-21887,Change Ownership or Permissions
CVE-2024-21887,Modify Configuration
CVE-2024-21887,Obtain Sensitive Information - Other Data
CVE-2024-21887,Obtain Sensitive Information - Credentials
CVE-2024-21887,Read From Memory
CVE-2024-21887,Read Files
CVE-2024-21887,Memory Read (Memory Errors)
CVE-2024-21887,Restart Or Reboot
CVE-2024-21887,Write To Existing File
CVE-2014-6271,Create Account
CVE-2014-6271,Create Or Upload File
CVE-2014-6271,Delete Files
CVE-2014-6271,Disable Protections
CVE-2014-6271,Memory Modification (Memory Errors)
CVE-2014-6271,Password Reset
CVE-2014-6271,Change Ownership or Permissions
CVE-2014-6271,Modify Configuration
CVE-2014-6271,Obtain Sensitive Information - Other Data
CVE-2014-6271,Obtain Sensitive Information - Credentials
CVE-2014-6271,Read From Memory
CVE-2014-6271,Read Files
CVE-2014-6271,Memory Read (Memory Errors)
CVE-2014-6271,Restart Or Reboot
CVE-2014-6271,Write To Existing File
CVE-2019-18935,Create Account
CVE-2019-18935,Create Or Upload File
CVE-2019-18935,Delete Files
CVE-2019-18935,Disable Protections
CVE-2019-18935,Memory Modification (Memory Errors)
CVE-2019-18935,Password Reset
CVE-2019-18935,Change Ownership or Permissions
CVE-2019-18935,Modify Configuration
CVE-2019-18935,Obtain Sensitive Information - Other Data
CVE-2019-18935,Obtain Sensitive Information - Credentials
CVE-2019-18935,Read From Memory
CVE-2019-18935,Read Files
CVE-2019-18935,Memory Read (Memory Errors)
CVE-2019-18935,Restart Or Reboot
CVE-2019-18935,Write To Existing File
CVE-2021-26855,Create Account
CVE-2021-26855,Create Or Upload File
CVE-2021-26855,Delete Files
CVE-2021-26855,Disable Protections
CVE-2021-26855,Memory Modification (Memory Errors)
CVE-2021-26855,Password Reset
CVE-2021-26855,Change Ownership or Permissions
CVE-2021-26855,Modify Configuration
CVE-2021-26855,Obtain Sensitive Information - Other Data
CVE-2021-26855,Obtain Sensitive Information - Credentials
CVE-2021-26855,Read From Memory
CVE-2021-26855,Read Files
CVE-2021-26855,Memory Read (Memory Errors)
CVE-2021-26855,Restart Or Reboot
CVE-2021-26855,Write To Existing File
CVE-2024-38112,Disable Protections
CVE-2024-38112,Obtain Sensitive Information - Other Data
CVE-2024-20399,Create Or Upload File
CVE-2024-20399,Delete Files
CVE-2024-20399,Disable Protections
CVE-2024-20399,Memory Modification (Memory Errors)
CVE-2024-20399,Password Reset
CVE-2024-20399,Change Ownership or Permissions
CVE-2024-20399,Modify Configuration
CVE-2024-20399,Obtain Sensitive Information - Other Data
CVE-2024-20399,Obtain Sensitive Information - Credentials
CVE-2024-20399,Read From Memory
CVE-2024-20399,Read Files
CVE-2024-20399,Memory Read (Memory Errors)
CVE-2024-20399,Restart Or Reboot
CVE-2024-20399,Write To Existing File
CVE-2022-35914,Create Account
CVE-2022-35914,Create Or Upload File
CVE-2022-35914,Delete Files
CVE-2022-35914,Disable Protections
CVE-2022-35914,Memory Modification (Memory Errors)
CVE-2022-35914,Password Reset
CVE-2022-35914,Change Ownership or Permissions
CVE-2022-35914,Modify Configuration
CVE-2022-35914,Obtain Sensitive Information - Other Data
CVE-2022-35914,Obtain Sensitive Information - Credentials
CVE-2022-35914,Read From Memory
CVE-2022-35914,Read Files
CVE-2022-35914,Memory Read (Memory Errors)
CVE-2022-35914,Restart Or Reboot
CVE-2022-35914,Write To Existing File
CVE-2024-20359,Create Or Upload File
CVE-2024-20359,Delete Files
CVE-2024-20359,Disable Protections
CVE-2024-20359,Memory Modification (Memory Errors)
CVE-2024-20359,Password Reset
CVE-2024-20359,Change Ownership or Permissions
CVE-2024-20359,Modify Configuration
CVE-2024-20359,Obtain Sensitive Information - Other Data
CVE-2024-20359,Obtain Sensitive Information - Credentials
CVE-2024-20359,Read From Memory
CVE-2024-20359,Read Files
CVE-2024-20359,Memory Read (Memory Errors)
CVE-2024-20359,Restart Or Reboot
CVE-2024-20359,Write To Existing File
CVE-2016-4437,Create Account
CVE-2016-4437,Create Or Upload File
CVE-2016-4437,Delete Files
CVE-2016-4437,Disable Protections
CVE-2016-4437,Password Reset
CVE-2016-4437,Change Ownership or Permissions
CVE-2016-4437,Modify Configuration
CVE-2016-4437,Obtain Sensitive Information - Other Data
CVE-2016-4437,Obtain Sensitive Information - Credentials
CVE-2016-4437,Read From Memory
CVE-2016-4437,Read Files
CVE-2016-4437,Memory Read (Memory Errors)
CVE-2016-4437,Write To Existing File
CVE-2019-11580,Create Account
CVE-2019-11580,Create Or Upload File
CVE-2019-11580,Delete Files
CVE-2019-11580,Disable Protections
CVE-2019-11580,Memory Modification (Memory Errors)
CVE-2019-11580,Password Reset
CVE-2019-11580,Change Ownership or Permissions
CVE-2019-11580,Modify Configuration
CVE-2019-11580,Obtain Sensitive Information - Other Data
CVE-2019-11580,Obtain Sensitive Information - Credentials
CVE-2019-11580,Read From Memory
CVE-2019-11580,Read Files
CVE-2019-11580,Memory Read (Memory Errors)
CVE-2019-11580,Restart Or Reboot
CVE-2019-11580,Write To Existing File
CVE-2021-40449,Create Account
CVE-2021-40449,Delete Files
CVE-2021-40449,Disable Protections
CVE-2021-40449,Memory Modification (Memory Errors)
CVE-2021-40449,Password Reset
CVE-2021-40449,Change Ownership or Permissions
CVE-2021-40449,Modify Configuration
CVE-2021-40449,Obtain Sensitive Information - Other Data
CVE-2021-40449,Obtain Sensitive Information - Credentials
CVE-2021-40449,Read From Memory
CVE-2021-40449,Read Files
CVE-2021-40449,Memory Read (Memory Errors)
CVE-2021-40449,Restart Or Reboot
CVE-2021-40449,Write To Existing File
CVE-2023-35081,Create Or Upload File
CVE-2023-35081,Disable Protections
CVE-2023-35081,Memory Modification (Memory Errors)
CVE-2023-35081,Password Reset
CVE-2023-35081,Change Ownership or Permissions
CVE-2023-35081,Modify Configuration
CVE-2023-35081,Obtain Sensitive Information - Other Data
CVE-2023-35081,Obtain Sensitive Information - Credentials
CVE-2023-35081,Read Files
CVE-2023-35081,Restart Or Reboot
CVE-2023-35081,Write To Existing File
CVE-2018-13379,Disable Protections
CVE-2018-13379,Memory Modification (Memory Errors)
CVE-2018-13379,Obtain Sensitive Information - Other Data
CVE-2018-13379,Obtain Sensitive Information - Credentials
CVE-2018-13379,Read From Memory
CVE-2018-13379,Read Files
CVE-2018-13379,Memory Read (Memory Errors)
CVE-2023-38205,Create Account
CVE-2023-38205,Create Or Upload File
CVE-2023-38205,Disable Protections
CVE-2023-38205,Password Reset
CVE-2023-38205,Change Ownership or Permissions
CVE-2023-38205,Modify Configuration
CVE-2023-38205,Obtain Sensitive Information - Other Data
CVE-2023-38205,Obtain Sensitive Information - Credentials
CVE-2023-38205,Read From Memory
CVE-2023-38205,Read Files
CVE-2023-38205,Memory Read (Memory Errors)
CVE-2023-38205,Restart Or Reboot
CVE-2023-38205,Write To Existing File
CVE-2023-47565,Create Account
CVE-2023-47565,Create Or Upload File
CVE-2023-47565,Delete Files
CVE-2023-47565,Disable Protections
CVE-2023-47565,Memory Modification (Memory Errors)
CVE-2023-47565,Password Reset
CVE-2023-47565,Change Ownership or Permissions
CVE-2023-47565,Modify Configuration
CVE-2023-47565,Obtain Sensitive Information - Other Data
CVE-2023-47565,Obtain Sensitive Information - Credentials
CVE-2023-47565,Read From Memory
CVE-2023-47565,Read Files
CVE-2023-47565,Memory Read (Memory Errors)
CVE-2023-47565,Restart Or Reboot
CVE-2023-47565,Write To Existing File
CVE-2020-25506,Create Account
CVE-2020-25506,Create Or Upload File
CVE-2020-25506,Delete Files
CVE-2020-25506,Disable Protections
CVE-2020-25506,Memory Modification (Memory Errors)
CVE-2020-25506,Password Reset
CVE-2020-25506,Change Ownership or Permissions
CVE-2020-25506,Modify Configuration
CVE-2020-25506,Obtain Sensitive Information - Other Data
CVE-2020-25506,Obtain Sensitive Information - Credentials
CVE-2020-25506,Read From Memory
CVE-2020-25506,Read Files
CVE-2020-25506,Memory Read (Memory Errors)
CVE-2020-25506,Restart Or Reboot
CVE-2020-25506,Write To Existing File
CVE-2021-26858,Create Account
CVE-2021-26858,Create Or Upload File
CVE-2021-26858,Delete Files
CVE-2021-26858,Disable Protections
CVE-2021-26858,Memory Modification (Memory Errors)
CVE-2021-26858,Password Reset
CVE-2021-26858,Change Ownership or Permissions
CVE-2021-26858,Modify Configuration
CVE-2021-26858,Obtain Sensitive Information - Other Data
CVE-2021-26858,Obtain Sensitive Information - Credentials
CVE-2021-26858,Read From Memory
CVE-2021-26858,Read Files
CVE-2021-26858,Memory Read (Memory Errors)
CVE-2021-26858,Restart Or Reboot
CVE-2021-26858,Write To Existing File
CVE-2021-39226,Delete Files
CVE-2021-39226,Obtain Sensitive Information - Other Data
CVE-2021-39226,Read Files
CVE-2024-26169,Create Or Upload File
CVE-2024-26169,Disable Protections
CVE-2024-26169,Memory Modification (Memory Errors)
CVE-2024-26169,Password Reset
CVE-2024-26169,Change Ownership or Permissions
CVE-2024-26169,Modify Configuration
CVE-2024-26169,Obtain Sensitive Information - Other Data
CVE-2024-26169,Obtain Sensitive Information - Credentials
CVE-2024-26169,Read From Memory
CVE-2024-26169,Read Files
CVE-2024-26169,Memory Read (Memory Errors)
CVE-2024-26169,Restart Or Reboot
CVE-2024-26169,Write To Existing File
CVE-2022-34713,Create Account
CVE-2022-34713,Create Or Upload File
CVE-2022-34713,Delete Files
CVE-2022-34713,Disable Protections
CVE-2022-34713,Memory Modification (Memory Errors)
CVE-2022-34713,Password Reset
CVE-2022-34713,Change Ownership or Permissions
CVE-2022-34713,Modify Configuration
CVE-2022-34713,Obtain Sensitive Information - Other Data
CVE-2022-34713,Obtain Sensitive Information - Credentials
CVE-2022-34713,Read From Memory
CVE-2022-34713,Read Files
CVE-2022-34713,Memory Read (Memory Errors)
CVE-2022-34713,Restart Or Reboot
CVE-2022-34713,Write To Existing File
CVE-2023-40044,Create Account
CVE-2023-40044,Create Or Upload File
CVE-2023-40044,Delete Files
CVE-2023-40044,Disable Protections
CVE-2023-40044,Password Reset
CVE-2023-40044,Change Ownership or Permissions
CVE-2023-40044,Modify Configuration
CVE-2023-40044,Obtain Sensitive Information - Other Data
CVE-2023-40044,Obtain Sensitive Information - Credentials
CVE-2023-40044,Read From Memory
CVE-2023-40044,Read Files
CVE-2023-40044,Restart Or Reboot
CVE-2023-40044,Write To Existing File
CVE-2023-22952,Create Account
CVE-2023-22952,Create Or Upload File
CVE-2023-22952,Delete Files
CVE-2023-22952,Disable Protections
CVE-2023-22952,Memory Modification (Memory Errors)
CVE-2023-22952,Password Reset
CVE-2023-22952,Change Ownership or Permissions
CVE-2023-22952,Modify Configuration
CVE-2023-22952,Obtain Sensitive Information - Other Data
CVE-2023-22952,Obtain Sensitive Information - Credentials
CVE-2023-22952,Read From Memory
CVE-2023-22952,Read Files
CVE-2023-22952,Memory Read (Memory Errors)
CVE-2023-22952,Restart Or Reboot
CVE-2023-22952,Write To Existing File
CVE-2023-29300,Create Account
CVE-2023-29300,Create Or Upload File
CVE-2023-29300,Delete Files
CVE-2023-29300,Disable Protections
CVE-2023-29300,Memory Modification (Memory Errors)
CVE-2023-29300,Password Reset
CVE-2023-29300,Change Ownership or Permissions
CVE-2023-29300,Modify Configuration
CVE-2023-29300,Obtain Sensitive Information - Other Data
CVE-2023-29300,Obtain Sensitive Information - Credentials
CVE-2023-29300,Read From Memory
CVE-2023-29300,Read Files
CVE-2023-29300,Memory Read (Memory Errors)
CVE-2023-29300,Restart Or Reboot
CVE-2023-29300,Write To Existing File
CVE-2022-41125,Disable Protections
CVE-2022-41125,Memory Modification (Memory Errors)
CVE-2022-41125,Password Reset
CVE-2022-41125,Change Ownership or Permissions
CVE-2022-41125,Modify Configuration
CVE-2022-41125,Obtain Sensitive Information - Other Data
CVE-2022-41125,Obtain Sensitive Information - Credentials
CVE-2022-41125,Read Files
CVE-2022-41125,Memory Read (Memory Errors)
CVE-2022-41125,Restart Or Reboot
CVE-2022-41125,Write To Existing File
CVE-2022-21999,Disable Protections
CVE-2022-21999,Memory Modification (Memory Errors)
CVE-2022-21999,Change Ownership or Permissions
CVE-2022-21999,Modify Configuration
CVE-2022-21999,Obtain Sensitive Information - Other Data
CVE-2022-21999,Obtain Sensitive Information - Credentials
CVE-2022-21999,Read Files
CVE-2022-21999,Memory Read (Memory Errors)
CVE-2022-21999,Restart Or Reboot
CVE-2022-21999,Write To Existing File
CVE-2022-41082,Create Account
CVE-2022-41082,Create Or Upload File
CVE-2022-41082,Delete Files
CVE-2022-41082,Disable Protections
CVE-2022-41082,Memory Modification (Memory Errors)
CVE-2022-41082,Password Reset
CVE-2022-41082,Change Ownership or Permissions
CVE-2022-41082,Modify Configuration
CVE-2022-41082,Obtain Sensitive Information - Other Data
CVE-2022-41082,Obtain Sensitive Information - Credentials
CVE-2022-41082,Read From Memory
CVE-2022-41082,Read Files
CVE-2022-41082,Memory Read (Memory Errors)
CVE-2022-41082,Restart Or Reboot
CVE-2022-41082,Write To Existing File
CVE-2010-2861,Obtain Sensitive Information - Other Data
CVE-2010-2861,Obtain Sensitive Information - Credentials
CVE-2010-2861,Read From Memory
CVE-2010-2861,Read Files
CVE-2010-2861,Memory Read (Memory Errors)
CVE-2017-11882,Create Account
CVE-2017-11882,Create Or Upload File
CVE-2017-11882,Delete Files
CVE-2017-11882,Disable Protections
CVE-2017-11882,Memory Modification (Memory Errors)
CVE-2017-11882,Password Reset
CVE-2017-11882,Change Ownership or Permissions
CVE-2017-11882,Modify Configuration
CVE-2017-11882,Obtain Sensitive Information - Other Data
CVE-2017-11882,Obtain Sensitive Information - Credentials
CVE-2017-11882,Read From Memory
CVE-2017-11882,Read Files
CVE-2017-11882,Memory Read (Memory Errors)
CVE-2017-11882,Restart Or Reboot
CVE-2017-11882,Write To Existing File
CVE-2017-5638,Create Account
CVE-2017-5638,Create Or Upload File
CVE-2017-5638,Delete Files
CVE-2017-5638,Disable Protections
CVE-2017-5638,Password Reset
CVE-2017-5638,Change Ownership or Permissions
CVE-2017-5638,Modify Configuration
CVE-2017-5638,Obtain Sensitive Information - Other Data
CVE-2017-5638,Obtain Sensitive Information - Credentials
CVE-2017-5638,Read From Memory
CVE-2017-5638,Read Files
CVE-2017-5638,Memory Read (Memory Errors)
CVE-2017-5638,Restart Or Reboot
CVE-2017-5638,Write To Existing File
CVE-2023-22527,Create Account
CVE-2023-22527,Create Or Upload File
CVE-2023-22527,Delete Files
CVE-2023-22527,Disable Protections
CVE-2023-22527,Memory Modification (Memory Errors)
CVE-2023-22527,Password Reset
CVE-2023-22527,Change Ownership or Permissions
CVE-2023-22527,Modify Configuration
CVE-2023-22527,Obtain Sensitive Information - Other Data
CVE-2023-22527,Obtain Sensitive Information - Credentials
CVE-2023-22527,Read From Memory
CVE-2023-22527,Read Files
CVE-2023-22527,Memory Read (Memory Errors)
CVE-2023-22527,Restart Or Reboot
CVE-2023-22527,Write To Existing File
CVE-2024-5217,Create Account
CVE-2024-5217,Create Or Upload File
CVE-2024-5217,Delete Files
CVE-2024-5217,Disable Protections
CVE-2024-5217,Memory Modification (Memory Errors)
CVE-2024-5217,Password Reset
CVE-2024-5217,Change Ownership or Permissions
CVE-2024-5217,Modify Configuration
CVE-2024-5217,Obtain Sensitive Information - Other Data
CVE-2024-5217,Obtain Sensitive Information - Credentials
CVE-2024-5217,Read From Memory
CVE-2024-5217,Read Files
CVE-2024-5217,Memory Read (Memory Errors)
CVE-2024-5217,Restart Or Reboot
CVE-2024-5217,Write To Existing File
CVE-2022-20821,Create Or Upload File
CVE-2022-20821,Delete Files
CVE-2022-20821,Memory Modification (Memory Errors)
CVE-2022-20821,Change Ownership or Permissions
CVE-2022-20821,Modify Configuration
CVE-2022-20821,Obtain Sensitive Information - Other Data
CVE-2022-20821,Read From Memory
CVE-2022-20821,Read Files
CVE-2022-20821,Write To Existing File
CVE-2024-23692,Create Account
CVE-2024-23692,Create Or Upload File
CVE-2024-23692,Delete Files
CVE-2024-23692,Disable Protections
CVE-2024-23692,Memory Modification (Memory Errors)
CVE-2024-23692,Password Reset
CVE-2024-23692,Change Ownership or Permissions
CVE-2024-23692,Modify Configuration
CVE-2024-23692,Obtain Sensitive Information - Other Data
CVE-2024-23692,Obtain Sensitive Information - Credentials
CVE-2024-23692,Read From Memory
CVE-2024-23692,Read Files
CVE-2024-23692,Memory Read (Memory Errors)
CVE-2024-23692,Restart Or Reboot
CVE-2024-23692,Write To Existing File
CVE-2014-7169,Create Or Upload File
CVE-2014-7169,Delete Files
CVE-2014-7169,Disable Protections
CVE-2014-7169,Memory Modification (Memory Errors)
CVE-2014-7169,Change Ownership or Permissions
CVE-2014-7169,Modify Configuration
CVE-2014-7169,Obtain Sensitive Information - Other Data
CVE-2014-7169,Obtain Sensitive Information - Credentials
CVE-2014-7169,Read Files
CVE-2014-7169,Write To Existing File
CVE-2021-21975,Password Reset
CVE-2021-21975,Modify Configuration
CVE-2021-21975,Obtain Sensitive Information - Other Data
CVE-2021-21975,Obtain Sensitive Information - Credentials
CVE-2021-21975,Read Files
CVE-2023-7101,Create Account
CVE-2023-7101,Create Or Upload File
CVE-2023-7101,Delete Files
CVE-2023-7101,Disable Protections
CVE-2023-7101,Memory Modification (Memory Errors)
CVE-2023-7101,Password Reset
CVE-2023-7101,Change Ownership or Permissions
CVE-2023-7101,Modify Configuration
CVE-2023-7101,Obtain Sensitive Information - Other Data
CVE-2023-7101,Obtain Sensitive Information - Credentials
CVE-2023-7101,Read From Memory
CVE-2023-7101,Read Files
CVE-2023-7101,Memory Read (Memory Errors)
CVE-2023-7101,Restart Or Reboot
CVE-2023-7101,Write To Existing File
CVE-2021-26857,Create Account
CVE-2021-26857,Create Or Upload File
CVE-2021-26857,Delete Files
CVE-2021-26857,Disable Protections
CVE-2021-26857,Memory Modification (Memory Errors)
CVE-2021-26857,Password Reset
CVE-2021-26857,Change Ownership or Permissions
CVE-2021-26857,Modify Configuration
CVE-2021-26857,Obtain Sensitive Information - Other Data
CVE-2021-26857,Obtain Sensitive Information - Credentials
CVE-2021-26857,Read From Memory
CVE-2021-26857,Read Files
CVE-2021-26857,Memory Read (Memory Errors)
CVE-2021-26857,Restart Or Reboot
CVE-2021-26857,Write To Existing File
CVE-2023-35078,Create Account
CVE-2023-35078,Create Or Upload File
CVE-2023-35078,Delete Files
CVE-2023-35078,Disable Protections
CVE-2023-35078,Password Reset
CVE-2023-35078,Change Ownership or Permissions
CVE-2023-35078,Modify Configuration
CVE-2023-35078,Obtain Sensitive Information - Other Data
CVE-2023-35078,Obtain Sensitive Information - Credentials
CVE-2023-35078,Read From Memory
CVE-2023-35078,Read Files
CVE-2023-35078,Memory Read (Memory Errors)
CVE-2023-35078,Restart Or Reboot
CVE-2023-35078,Write To Existing File
CVE-2023-26369,Delete Files
CVE-2023-26369,Disable Protections
CVE-2023-26369,Memory Modification (Memory Errors)
CVE-2023-26369,Password Reset
CVE-2023-26369,Change Ownership or Permissions
CVE-2023-26369,Modify Configuration
CVE-2023-26369,Obtain Sensitive Information - Other Data
CVE-2023-26369,Obtain Sensitive Information - Credentials
CVE-2023-26369,Read From Memory
CVE-2023-26369,Read Files
CVE-2023-26369,Memory Read (Memory Errors)
CVE-2023-26369,Restart Or Reboot
CVE-2023-26369,Write To Existing File
CVE-2015-3113,Create Account
CVE-2015-3113,Create Or Upload File
CVE-2015-3113,Delete Files
CVE-2015-3113,Disable Protections
CVE-2015-3113,Memory Modification (Memory Errors)
CVE-2015-3113,Password Reset
CVE-2015-3113,Change Ownership or Permissions
CVE-2015-3113,Modify Configuration
CVE-2015-3113,Obtain Sensitive Information - Other Data
CVE-2015-3113,Obtain Sensitive Information - Credentials
CVE-2015-3113,Read From Memory
CVE-2015-3113,Read Files
CVE-2015-3113,Memory Read (Memory Errors)
CVE-2015-3113,Restart Or Reboot
CVE-2015-3113,Write To Existing File
CVE-2021-44228,Create Account
CVE-2021-44228,Create Or Upload File
CVE-2021-44228,Delete Files
CVE-2021-44228,Disable Protections
CVE-2021-44228,Password Reset
CVE-2021-44228,Change Ownership or Permissions
CVE-2021-44228,Modify Configuration
CVE-2021-44228,Obtain Sensitive Information - Other Data
CVE-2021-44228,Obtain Sensitive Information - Credentials
CVE-2021-44228,Read From Memory
CVE-2021-44228,Read Files
CVE-2021-44228,Memory Read (Memory Errors)
CVE-2021-44228,Restart Or Reboot
CVE-2021-44228,Write To Existing File
CVE-2021-21973,Obtain Sensitive Information - Other Data
CVE-2021-21973,Obtain Sensitive Information - Credentials
CVE-2021-21973,Read From Memory
CVE-2021-21973,Read Files
CVE-2023-34362,Create Account
CVE-2023-34362,Create Or Upload File
CVE-2023-34362,Delete Files
CVE-2023-34362,Password Reset
CVE-2023-34362,Change Ownership or Permissions
CVE-2023-34362,Modify Configuration
CVE-2023-34362,Obtain Sensitive Information - Other Data
CVE-2023-34362,Obtain Sensitive Information - Credentials
CVE-2023-34362,Read From Memory
CVE-2023-34362,Read Files
CVE-2023-34362,Memory Read (Memory Errors)
CVE-2023-34362,Write To Existing File
CVE-2024-4947,Create Account
CVE-2024-4947,Disable Protections
CVE-2024-4947,Memory Modification (Memory Errors)
CVE-2024-4947,Obtain Sensitive Information - Other Data
CVE-2024-4947,Obtain Sensitive Information - Credentials
CVE-2024-4947,Read From Memory
CVE-2024-4947,Read Files
CVE-2024-4947,Memory Read (Memory Errors)
CVE-2024-4947,Write To Existing File
CVE-2022-37969,Create Or Upload File
CVE-2022-37969,Disable Protections
CVE-2022-37969,Memory Modification (Memory Errors)
CVE-2022-37969,Password Reset
CVE-2022-37969,Change Ownership or Permissions
CVE-2022-37969,Modify Configuration
CVE-2022-37969,Obtain Sensitive Information - Other Data
CVE-2022-37969,Obtain Sensitive Information - Credentials
CVE-2022-37969,Read From Memory
CVE-2022-37969,Read Files
CVE-2022-37969,Memory Read (Memory Errors)
CVE-2022-37969,Restart Or Reboot
CVE-2022-37969,Write To Existing File
CVE-2020-8193,Create Account
CVE-2020-8193,Create Or Upload File
CVE-2020-8193,Delete Files
CVE-2020-8193,Disable Protections
CVE-2020-8193,Memory Modification (Memory Errors)
CVE-2020-8193,Password Reset
CVE-2020-8193,Change Ownership or Permissions
CVE-2020-8193,Modify Configuration
CVE-2020-8193,Obtain Sensitive Information - Other Data
CVE-2020-8193,Obtain Sensitive Information - Credentials
CVE-2020-8193,Read From Memory
CVE-2020-8193,Read Files
CVE-2020-8193,Memory Read (Memory Errors)
CVE-2020-8193,Restart Or Reboot
CVE-2020-8193,Write To Existing File
CVE-2020-17530,Create Account
CVE-2020-17530,Create Or Upload File
CVE-2020-17530,Delete Files
CVE-2020-17530,Disable Protections
CVE-2020-17530,Memory Modification (Memory Errors)
CVE-2020-17530,Password Reset
CVE-2020-17530,Change Ownership or Permissions
CVE-2020-17530,Modify Configuration
CVE-2020-17530,Obtain Sensitive Information - Other Data
CVE-2020-17530,Obtain Sensitive Information - Credentials
CVE-2020-17530,Read From Memory
CVE-2020-17530,Read Files
CVE-2020-17530,Memory Read (Memory Errors)
CVE-2020-17530,Restart Or Reboot
CVE-2020-17530,Write To Existing File
CVE-2017-9822,Create Account
CVE-2017-9822,Create Or Upload File
CVE-2017-9822,Delete Files
CVE-2017-9822,Disable Protections
CVE-2017-9822,Memory Modification (Memory Errors)
CVE-2017-9822,Password Reset
CVE-2017-9822,Change Ownership or Permissions
CVE-2017-9822,Modify Configuration
CVE-2017-9822,Obtain Sensitive Information - Other Data
CVE-2017-9822,Obtain Sensitive Information - Credentials
CVE-2017-9822,Read From Memory
CVE-2017-9822,Read Files
CVE-2017-9822,Memory Read (Memory Errors)
CVE-2017-9822,Restart Or Reboot
CVE-2017-9822,Write To Existing File
CVE-2019-5591,Password Reset
CVE-2019-5591,Obtain Sensitive Information - Other Data
CVE-2019-5591,Obtain Sensitive Information - Credentials
CVE-2019-5591,Read Files
CVE-2022-3038,Create Or Upload File
CVE-2022-3038,Memory Modification (Memory Errors)
CVE-2022-3038,Modify Configuration
CVE-2022-3038,Obtain Sensitive Information - Other Data
CVE-2022-3038,Obtain Sensitive Information - Credentials
CVE-2022-3038,Read From Memory
CVE-2022-3038,Read Files
CVE-2022-3038,Memory Read (Memory Errors)
CVE-2022-3038,Write To Existing File
CVE-2023-26359,Create Account
CVE-2023-26359,Create Or Upload File
CVE-2023-26359,Delete Files
CVE-2023-26359,Disable Protections
CVE-2023-26359,Memory Modification (Memory Errors)
CVE-2023-26359,Password Reset
CVE-2023-26359,Change Ownership or Permissions
CVE-2023-26359,Modify Configuration
CVE-2023-26359,Obtain Sensitive Information - Other Data
CVE-2023-26359,Obtain Sensitive Information - Credentials
CVE-2023-26359,Read From Memory
CVE-2023-26359,Read Files
CVE-2023-26359,Memory Read (Memory Errors)
CVE-2023-26359,Restart Or Reboot
CVE-2023-26359,Write To Existing File
CVE-2018-4990,Create Account
CVE-2018-4990,Create Or Upload File
CVE-2018-4990,Delete Files
CVE-2018-4990,Disable Protections
CVE-2018-4990,Memory Modification (Memory Errors)
CVE-2018-4990,Password Reset
CVE-2018-4990,Change Ownership or Permissions
CVE-2018-4990,Modify Configuration
CVE-2018-4990,Obtain Sensitive Information - Other Data
CVE-2018-4990,Obtain Sensitive Information - Credentials
CVE-2018-4990,Read From Memory
CVE-2018-4990,Read Files
CVE-2018-4990,Memory Read (Memory Errors)
CVE-2018-4990,Restart Or Reboot
CVE-2018-4990,Write To Existing File
CVE-2022-24682,Disable Protections
CVE-2022-24682,Password Reset
CVE-2022-24682,Modify Configuration
CVE-2022-24682,Obtain Sensitive Information - Other Data
CVE-2022-24682,Obtain Sensitive Information - Credentials
CVE-2022-24682,Read Files
CVE-2019-0211,Create Account
CVE-2019-0211,Create Or Upload File
CVE-2019-0211,Delete Files
CVE-2019-0211,Disable Protections
CVE-2019-0211,Memory Modification (Memory Errors)
CVE-2019-0211,Password Reset
CVE-2019-0211,Change Ownership or Permissions
CVE-2019-0211,Modify Configuration
CVE-2019-0211,Obtain Sensitive Information - Other Data
CVE-2019-0211,Obtain Sensitive Information - Credentials
CVE-2019-0211,Read From Memory
CVE-2019-0211,Read Files
CVE-2019-0211,Memory Read (Memory Errors)
CVE-2019-0211,Restart Or Reboot
CVE-2019-0211,Write To Existing File
CVE-2021-31207,Create Account
CVE-2021-31207,Create Or Upload File
CVE-2021-31207,Disable Protections
CVE-2021-31207,Password Reset
CVE-2021-31207,Change Ownership or Permissions
CVE-2021-31207,Modify Configuration
CVE-2021-31207,Obtain Sensitive Information - Other Data
CVE-2021-31207,Obtain Sensitive Information - Credentials
CVE-2021-31207,Read Files
CVE-2021-31207,Memory Read (Memory Errors)
CVE-2021-31207,Write To Existing File
CVE-2024-4978,Delete Files
CVE-2024-4978,Disable Protections
CVE-2024-4978,Memory Modification (Memory Errors)
CVE-2024-4978,Password Reset
CVE-2024-4978,Modify Configuration
CVE-2024-4978,Obtain Sensitive Information - Other Data
CVE-2024-4978,Obtain Sensitive Information - Credentials
CVE-2024-4978,Read From Memory
CVE-2024-4978,Read Files
CVE-2024-4978,Memory Read (Memory Errors)
CVE-2024-4978,Restart Or Reboot
CVE-2024-4978,Write To Existing File
CVE-2021-37415,Create Account
CVE-2021-37415,Create Or Upload File
CVE-2021-37415,Delete Files
CVE-2021-37415,Disable Protections
CVE-2021-37415,Password Reset
CVE-2021-37415,Change Ownership or Permissions
CVE-2021-37415,Modify Configuration
CVE-2021-37415,Obtain Sensitive Information - Other Data
CVE-2021-37415,Obtain Sensitive Information - Credentials
CVE-2021-37415,Read Files
CVE-2021-37415,Memory Read (Memory Errors)
CVE-2021-37415,Restart Or Reboot
CVE-2019-19781,Create Or Upload File
CVE-2019-19781,Modify Configuration
CVE-2019-19781,Obtain Sensitive Information - Other Data
CVE-2019-19781,Obtain Sensitive Information - Credentials
CVE-2019-19781,Read From Memory
CVE-2019-19781,Read Files
CVE-2019-19781,Memory Read (Memory Errors)
CVE-2019-19781,Write To Existing File
CVE-2012-2034,Create Account
CVE-2012-2034,Create Or Upload File
CVE-2012-2034,Delete Files
CVE-2012-2034,Disable Protections
CVE-2012-2034,Memory Modification (Memory Errors)
CVE-2012-2034,Password Reset
CVE-2012-2034,Change Ownership or Permissions
CVE-2012-2034,Modify Configuration
CVE-2012-2034,Obtain Sensitive Information - Other Data
CVE-2012-2034,Obtain Sensitive Information - Credentials
CVE-2012-2034,Read From Memory
CVE-2012-2034,Read Files
CVE-2012-2034,Memory Read (Memory Errors)
CVE-2012-2034,Restart Or Reboot
CVE-2012-2034,Write To Existing File
CVE-2021-41379,Create Or Upload File
CVE-2021-41379,Disable Protections
CVE-2021-41379,Change Ownership or Permissions
CVE-2021-41379,Modify Configuration
CVE-2021-41379,Obtain Sensitive Information - Other Data
CVE-2021-41379,Obtain Sensitive Information - Credentials
CVE-2021-41379,Read From Memory
CVE-2021-41379,Read Files
CVE-2021-41379,Memory Read (Memory Errors)
CVE-2021-41379,Restart Or Reboot
CVE-2021-41379,Write To Existing File
CVE-2023-21715,Create Or Upload File
CVE-2023-21715,Disable Protections
CVE-2023-21715,Memory Modification (Memory Errors)
CVE-2023-21715,Obtain Sensitive Information - Other Data
CVE-2023-21715,Obtain Sensitive Information - Credentials
CVE-2023-21715,Read From Memory
CVE-2023-21715,Read Files
CVE-2023-21715,Memory Read (Memory Errors)
CVE-2023-21715,Write To Existing File
CVE-2020-1472,Create Account
CVE-2020-1472,Create Or Upload File
CVE-2020-1472,Delete Files
CVE-2020-1472,Disable Protections
CVE-2020-1472,Password Reset
CVE-2020-1472,Change Ownership or Permissions
CVE-2020-1472,Modify Configuration
CVE-2020-1472,Obtain Sensitive Information - Other Data
CVE-2020-1472,Obtain Sensitive Information - Credentials
CVE-2020-1472,Read From Memory
CVE-2020-1472,Read Files
CVE-2020-1472,Restart Or Reboot
CVE-2020-1472,Write To Existing File
CVE-2022-22963,Create Account
CVE-2022-22963,Create Or Upload File
CVE-2022-22963,Delete Files
CVE-2022-22963,Disable Protections
CVE-2022-22963,Memory Modification (Memory Errors)
CVE-2022-22963,Password Reset
CVE-2022-22963,Change Ownership or Permissions
CVE-2022-22963,Modify Configuration
CVE-2022-22963,Obtain Sensitive Information - Other Data
CVE-2022-22963,Obtain Sensitive Information - Credentials
CVE-2022-22963,Read From Memory
CVE-2022-22963,Read Files
CVE-2022-22963,Memory Read (Memory Errors)
CVE-2022-22963,Restart Or Reboot
CVE-2022-22963,Write To Existing File
CVE-2024-27198,Create Account
CVE-2024-27198,Create Or Upload File
CVE-2024-27198,Delete Files
CVE-2024-27198,Disable Protections
CVE-2024-27198,Password Reset
CVE-2024-27198,Change Ownership or Permissions
CVE-2024-27198,Modify Configuration
CVE-2024-27198,Obtain Sensitive Information - Other Data
CVE-2024-27198,Obtain Sensitive Information - Credentials
CVE-2024-27198,Read Files
CVE-2024-27198,Memory Read (Memory Errors)
CVE-2024-27198,Restart Or Reboot
CVE-2024-27198,Write To Existing File
CVE-2018-0296,Obtain Sensitive Information - Other Data
CVE-2018-0296,Read From Memory
CVE-2018-0296,Read Files
CVE-2018-0296,Restart Or Reboot
CVE-2023-36845,Create Account
CVE-2023-36845,Create Or Upload File
CVE-2023-36845,Delete Files
CVE-2023-36845,Disable Protections
CVE-2023-36845,Memory Modification (Memory Errors)
CVE-2023-36845,Password Reset
CVE-2023-36845,Change Ownership or Permissions
CVE-2023-36845,Modify Configuration
CVE-2023-36845,Obtain Sensitive Information - Other Data
CVE-2023-36845,Obtain Sensitive Information - Credentials
CVE-2023-36845,Read From Memory
CVE-2023-36845,Read Files
CVE-2023-36845,Memory Read (Memory Errors)
CVE-2023-36845,Restart Or Reboot
CVE-2023-36845,Write To Existing File
CVE-2023-44487,Restart Or Reboot
CVE-2019-11510,Disable Protections
CVE-2019-11510,Obtain Sensitive Information - Other Data
CVE-2019-11510,Obtain Sensitive Information - Credentials
CVE-2019-11510,Read From Memory
CVE-2019-11510,Read Files
CVE-2019-11510,Memory Read (Memory Errors)
CVE-2023-32315,Create Account
CVE-2023-32315,Create Or Upload File
CVE-2023-32315,Delete Files
CVE-2023-32315,Disable Protections
CVE-2023-32315,Password Reset
CVE-2023-32315,Change Ownership or Permissions
CVE-2023-32315,Modify Configuration
CVE-2023-32315,Obtain Sensitive Information - Other Data
CVE-2023-32315,Obtain Sensitive Information - Credentials
CVE-2023-32315,Read Files
CVE-2023-32315,Memory Read (Memory Errors)
CVE-2023-32315,Restart Or Reboot
CVE-2023-32315,Write To Existing File
CVE-2023-7024,Create Or Upload File
CVE-2023-7024,Delete Files
CVE-2023-7024,Disable Protections
CVE-2023-7024,Memory Modification (Memory Errors)
CVE-2023-7024,Password Reset
CVE-2023-7024,Change Ownership or Permissions
CVE-2023-7024,Modify Configuration
CVE-2023-7024,Obtain Sensitive Information - Other Data
CVE-2023-7024,Obtain Sensitive Information - Credentials
CVE-2023-7024,Read From Memory
CVE-2023-7024,Read Files
CVE-2023-7024,Memory Read (Memory Errors)
CVE-2023-7024,Restart Or Reboot
CVE-2023-7024,Write To Existing File
CVE-2022-41033,Create Account
CVE-2022-41033,Create Or Upload File
CVE-2022-41033,Delete Files
CVE-2022-41033,Disable Protections
CVE-2022-41033,Memory Modification (Memory Errors)
CVE-2022-41033,Password Reset
CVE-2022-41033,Change Ownership or Permissions
CVE-2022-41033,Modify Configuration
CVE-2022-41033,Obtain Sensitive Information - Other Data
CVE-2022-41033,Obtain Sensitive Information - Credentials
CVE-2022-41033,Read From Memory
CVE-2022-41033,Read Files
CVE-2022-41033,Memory Read (Memory Errors)
CVE-2022-41033,Restart Or Reboot
CVE-2022-41033,Write To Existing File
CVE-2021-22899,Create Account
CVE-2021-22899,Create Or Upload File
CVE-2021-22899,Delete Files
CVE-2021-22899,Disable Protections
CVE-2021-22899,Memory Modification (Memory Errors)
CVE-2021-22899,Password Reset
CVE-2021-22899,Change Ownership or Permissions
CVE-2021-22899,Modify Configuration
CVE-2021-22899,Obtain Sensitive Information - Other Data
CVE-2021-22899,Obtain Sensitive Information - Credentials
CVE-2021-22899,Read From Memory
CVE-2021-22899,Read Files
CVE-2021-22899,Memory Read (Memory Errors)
CVE-2021-22899,Restart Or Reboot
CVE-2021-22899,Write To Existing File
CVE-2021-30554,Disable Protections
CVE-2021-30554,Memory Modification (Memory Errors)
CVE-2021-30554,Password Reset
CVE-2021-30554,Obtain Sensitive Information - Other Data
CVE-2021-30554,Obtain Sensitive Information - Credentials
CVE-2021-30554,Read From Memory
CVE-2021-30554,Read Files
CVE-2021-30554,Memory Read (Memory Errors)
CVE-2022-22960,Create Account
CVE-2022-22960,Create Or Upload File
CVE-2022-22960,Delete Files
CVE-2022-22960,Disable Protections
CVE-2022-22960,Memory Modification (Memory Errors)
CVE-2022-22960,Password Reset
CVE-2022-22960,Change Ownership or Permissions
CVE-2022-22960,Modify Configuration
CVE-2022-22960,Obtain Sensitive Information - Other Data
CVE-2022-22960,Obtain Sensitive Information - Credentials
CVE-2022-22960,Read From Memory
CVE-2022-22960,Read Files
CVE-2022-22960,Memory Read (Memory Errors)
CVE-2022-22960,Restart Or Reboot
CVE-2022-22960,Write To Existing File
CVE-2019-3396,Create Account
CVE-2019-3396,Create Or Upload File
CVE-2019-3396,Delete Files
CVE-2019-3396,Disable Protections
CVE-2019-3396,Memory Modification (Memory Errors)
CVE-2019-3396,Password Reset
CVE-2019-3396,Change Ownership or Permissions
CVE-2019-3396,Modify Configuration
CVE-2019-3396,Obtain Sensitive Information - Other Data
CVE-2019-3396,Obtain Sensitive Information - Credentials
CVE-2019-3396,Read From Memory
CVE-2019-3396,Read Files
CVE-2019-3396,Memory Read (Memory Errors)
CVE-2019-3396,Restart Or Reboot
CVE-2019-3396,Write To Existing File
CVE-2023-43770,Password Reset
CVE-2023-43770,Obtain Sensitive Information - Other Data
CVE-2023-43770,Obtain Sensitive Information - Credentials
CVE-2023-1389,Create Or Upload File
CVE-2023-1389,Delete Files
CVE-2023-1389,Disable Protections
CVE-2023-1389,Memory Modification (Memory Errors)
CVE-2023-1389,Password Reset
CVE-2023-1389,Change Ownership or Permissions
CVE-2023-1389,Modify Configuration
CVE-2023-1389,Obtain Sensitive Information - Other Data
CVE-2023-1389,Obtain Sensitive Information - Credentials
CVE-2023-1389,Read From Memory
CVE-2023-1389,Read Files
CVE-2023-1389,Memory Read (Memory Errors)
CVE-2023-1389,Restart Or Reboot
CVE-2023-1389,Write To Existing File
CVE-2021-35394,Create Account
CVE-2021-35394,Create Or Upload File
CVE-2021-35394,Delete Files
CVE-2021-35394,Disable Protections
CVE-2021-35394,Memory Modification (Memory Errors)
CVE-2021-35394,Password Reset
CVE-2021-35394,Change Ownership or Permissions
CVE-2021-35394,Modify Configuration
CVE-2021-35394,Obtain Sensitive Information - Other Data
CVE-2021-35394,Obtain Sensitive Information - Credentials
CVE-2021-35394,Read From Memory
CVE-2021-35394,Read Files
CVE-2021-35394,Memory Read (Memory Errors)
CVE-2021-35394,Restart Or Reboot
CVE-2021-35394,Write To Existing File
CVE-2021-22893,Create Account
CVE-2021-22893,Create Or Upload File
CVE-2021-22893,Delete Files
CVE-2021-22893,Disable Protections
CVE-2021-22893,Memory Modification (Memory Errors)
CVE-2021-22893,Password Reset
CVE-2021-22893,Change Ownership or Permissions
CVE-2021-22893,Modify Configuration
CVE-2021-22893,Obtain Sensitive Information - Other Data
CVE-2021-22893,Obtain Sensitive Information - Credentials
CVE-2021-22893,Read From Memory
CVE-2021-22893,Read Files
CVE-2021-22893,Memory Read (Memory Errors)
CVE-2021-22893,Restart Or Reboot
CVE-2021-22893,Write To Existing File
CVE-2024-4358,Create Account
CVE-2024-4358,Create Or Upload File
CVE-2024-4358,Delete Files
CVE-2024-4358,Disable Protections
CVE-2024-4358,Memory Modification (Memory Errors)
CVE-2024-4358,Password Reset
CVE-2024-4358,Change Ownership or Permissions
CVE-2024-4358,Modify Configuration
CVE-2024-4358,Obtain Sensitive Information - Other Data
CVE-2024-4358,Obtain Sensitive Information - Credentials
CVE-2024-4358,Read From Memory
CVE-2024-4358,Read Files
CVE-2024-4358,Memory Read (Memory Errors)
CVE-2024-4358,Restart Or Reboot
CVE-2024-4358,Write To Existing File
CVE-2015-0313,Create Account
CVE-2015-0313,Create Or Upload File
CVE-2015-0313,Delete Files
CVE-2015-0313,Disable Protections
CVE-2015-0313,Memory Modification (Memory Errors)
CVE-2015-0313,Password Reset
CVE-2015-0313,Change Ownership or Permissions
CVE-2015-0313,Modify Configuration
CVE-2015-0313,Obtain Sensitive Information - Other Data
CVE-2015-0313,Obtain Sensitive Information - Credentials
CVE-2015-0313,Read From Memory
CVE-2015-0313,Read Files
CVE-2015-0313,Memory Read (Memory Errors)
CVE-2015-0313,Restart Or Reboot
CVE-2015-0313,Write To Existing File
CVE-2023-20273,Create Account
CVE-2023-20273,Create Or Upload File
CVE-2023-20273,Delete Files
CVE-2023-20273,Disable Protections
CVE-2023-20273,Memory Modification (Memory Errors)
CVE-2023-20273,Password Reset
CVE-2023-20273,Change Ownership or Permissions
CVE-2023-20273,Modify Configuration
CVE-2023-20273,Obtain Sensitive Information - Other Data
CVE-2023-20273,Obtain Sensitive Information - Credentials
CVE-2023-20273,Read From Memory
CVE-2023-20273,Read Files
CVE-2023-20273,Memory Read (Memory Errors)
CVE-2023-20273,Restart Or Reboot
CVE-2023-20273,Write To Existing File
CVE-2021-40655,Create Account
CVE-2021-40655,Password Reset
CVE-2021-40655,Modify Configuration
CVE-2021-40655,Obtain Sensitive Information - Other Data
CVE-2021-40655,Obtain Sensitive Information - Credentials
CVE-2021-40655,Read From Memory
CVE-2021-40655,Read Files
CVE-2021-40655,Memory Read (Memory Errors)
CVE-2021-22005,Create Account
CVE-2021-22005,Create Or Upload File
CVE-2021-22005,Delete Files
CVE-2021-22005,Disable Protections
CVE-2021-22005,Memory Modification (Memory Errors)
CVE-2021-22005,Password Reset
CVE-2021-22005,Modify Configuration
CVE-2021-22005,Obtain Sensitive Information - Other Data
CVE-2021-22005,Obtain Sensitive Information - Credentials
CVE-2021-22005,Read From Memory
CVE-2021-22005,Read Files
CVE-2021-22005,Memory Read (Memory Errors)
CVE-2021-22005,Restart Or Reboot
CVE-2021-22005,Write To Existing File
CVE-2024-4671,Create Or Upload File
CVE-2024-4671,Delete Files
CVE-2024-4671,Disable Protections
CVE-2024-4671,Memory Modification (Memory Errors)
CVE-2024-4671,Password Reset
CVE-2024-4671,Change Ownership or Permissions
CVE-2024-4671,Modify Configuration
CVE-2024-4671,Obtain Sensitive Information - Other Data
CVE-2024-4671,Obtain Sensitive Information - Credentials
CVE-2024-4671,Read From Memory
CVE-2024-4671,Read Files
CVE-2024-4671,Memory Read (Memory Errors)
CVE-2024-4671,Write To Existing File
CVE-2023-21674,Create Account
CVE-2023-21674,Create Or Upload File
CVE-2023-21674,Delete Files
CVE-2023-21674,Disable Protections
CVE-2023-21674,Memory Modification (Memory Errors)
CVE-2023-21674,Password Reset
CVE-2023-21674,Change Ownership or Permissions
CVE-2023-21674,Modify Configuration
CVE-2023-21674,Obtain Sensitive Information - Other Data
CVE-2023-21674,Obtain Sensitive Information - Credentials
CVE-2023-21674,Read From Memory
CVE-2023-21674,Read Files
CVE-2023-21674,Memory Read (Memory Errors)
CVE-2023-21674,Restart Or Reboot
CVE-2023-21674,Write To Existing File
CVE-2015-3043,Create Account
CVE-2015-3043,Create Or Upload File
CVE-2015-3043,Delete Files
CVE-2015-3043,Disable Protections
CVE-2015-3043,Memory Modification (Memory Errors)
CVE-2015-3043,Password Reset
CVE-2015-3043,Change Ownership or Permissions
CVE-2015-3043,Modify Configuration
CVE-2015-3043,Obtain Sensitive Information - Other Data
CVE-2015-3043,Obtain Sensitive Information - Credentials
CVE-2015-3043,Read From Memory
CVE-2015-3043,Read Files
CVE-2015-3043,Memory Read (Memory Errors)
CVE-2015-3043,Restart Or Reboot
CVE-2015-3043,Write To Existing File
CVE-2011-2462,Create Account
CVE-2011-2462,Create Or Upload File
CVE-2011-2462,Delete Files
CVE-2011-2462,Disable Protections
CVE-2011-2462,Memory Modification (Memory Errors)
CVE-2011-2462,Change Ownership or Permissions
CVE-2011-2462,Modify Configuration
CVE-2011-2462,Obtain Sensitive Information - Other Data
CVE-2011-2462,Obtain Sensitive Information - Credentials
CVE-2011-2462,Read From Memory
CVE-2011-2462,Read Files
CVE-2011-2462,Memory Read (Memory Errors)
CVE-2011-2462,Restart Or Reboot
CVE-2011-2462,Write To Existing File
CVE-2021-41773,Create Account
CVE-2021-41773,Create Or Upload File
CVE-2021-41773,Delete Files
CVE-2021-41773,Disable Protections
CVE-2021-41773,Memory Modification (Memory Errors)
CVE-2021-41773,Password Reset
CVE-2021-41773,Change Ownership or Permissions
CVE-2021-41773,Modify Configuration
CVE-2021-41773,Obtain Sensitive Information - Other Data
CVE-2021-41773,Obtain Sensitive Information - Credentials
CVE-2021-41773,Read From Memory
CVE-2021-41773,Read Files
CVE-2021-41773,Memory Read (Memory Errors)
CVE-2021-41773,Write To Existing File
CVE-2018-7600,Create Account
CVE-2018-7600,Create Or Upload File
CVE-2018-7600,Delete Files
CVE-2018-7600,Disable Protections
CVE-2018-7600,Memory Modification (Memory Errors)
CVE-2018-7600,Password Reset
CVE-2018-7600,Change Ownership or Permissions
CVE-2018-7600,Modify Configuration
CVE-2018-7600,Obtain Sensitive Information - Other Data
CVE-2018-7600,Obtain Sensitive Information - Credentials
CVE-2018-7600,Read From Memory
CVE-2018-7600,Read Files
CVE-2018-7600,Memory Read (Memory Errors)
CVE-2018-7600,Restart Or Reboot
CVE-2018-7600,Write To Existing File
CVE-2022-36804,Create Or Upload File
CVE-2022-36804,Delete Files
CVE-2022-36804,Disable Protections
CVE-2022-36804,Memory Modification (Memory Errors)
CVE-2022-36804,Modify Configuration
CVE-2022-36804,Obtain Sensitive Information - Other Data
CVE-2022-36804,Obtain Sensitive Information - Credentials
CVE-2022-36804,Read From Memory
CVE-2022-36804,Read Files
CVE-2022-36804,Memory Read (Memory Errors)
CVE-2022-36804,Restart Or Reboot
CVE-2022-36804,Write To Existing File
CVE-2020-8657,Create Account
CVE-2020-8657,Create Or Upload File
CVE-2020-8657,Delete Files
CVE-2020-8657,Disable Protections
CVE-2020-8657,Password Reset
CVE-2020-8657,Change Ownership or Permissions
CVE-2020-8657,Modify Configuration
CVE-2020-8657,Obtain Sensitive Information - Other Data
CVE-2020-8657,Obtain Sensitive Information - Credentials
CVE-2020-8657,Read From Memory
CVE-2020-8657,Read Files
CVE-2020-8657,Restart Or Reboot
CVE-2020-8657,Write To Existing File
CVE-2008-0655,Memory Modification (Memory Errors)
CVE-2008-0655,Obtain Sensitive Information - Other Data
CVE-2008-0655,Obtain Sensitive Information - Credentials
CVE-2008-0655,Read Files
CVE-2008-0655,Memory Read (Memory Errors)
CVE-2008-0655,Write To Existing File
CVE-2019-1653,Modify Configuration
CVE-2019-1653,Obtain Sensitive Information - Other Data
CVE-2019-1653,Obtain Sensitive Information - Credentials
CVE-2019-1653,Read From Memory
CVE-2019-1653,Read Files
CVE-2019-1653,Memory Read (Memory Errors)
CVE-2021-44168,Obtain Sensitive Information - Other Data
CVE-2021-44168,Obtain Sensitive Information - Credentials
CVE-2021-44168,Read Files
CVE-2019-13608,Create Account
CVE-2019-13608,Create Or Upload File
CVE-2019-13608,Disable Protections
CVE-2019-13608,Memory Modification (Memory Errors)
CVE-2019-13608,Modify Configuration
CVE-2019-13608,Obtain Sensitive Information - Other Data
CVE-2019-13608,Obtain Sensitive Information - Credentials
CVE-2019-13608,Read From Memory
CVE-2019-13608,Read Files
CVE-2019-13608,Memory Read (Memory Errors)
CVE-2023-36847,Create Or Upload File
CVE-2023-36847,Disable Protections
CVE-2023-36847,Modify Configuration
CVE-2023-36847,Obtain Sensitive Information - Other Data
CVE-2023-36847,Obtain Sensitive Information - Credentials
CVE-2023-36847,Read Files
CVE-2023-36847,Write To Existing File
CVE-2019-0604,Create Account
CVE-2019-0604,Create Or Upload File
CVE-2019-0604,Delete Files
CVE-2019-0604,Disable Protections
CVE-2019-0604,Memory Modification (Memory Errors)
CVE-2019-0604,Password Reset
CVE-2019-0604,Change Ownership or Permissions
CVE-2019-0604,Modify Configuration
CVE-2019-0604,Obtain Sensitive Information - Other Data
CVE-2019-0604,Obtain Sensitive Information - Credentials
CVE-2019-0604,Read From Memory
CVE-2019-0604,Read Files
CVE-2019-0604,Memory Read (Memory Errors)
CVE-2019-0604,Restart Or Reboot
CVE-2019-0604,Write To Existing File
CVE-2021-39144,Create Account
CVE-2021-39144,Create Or Upload File
CVE-2021-39144,Disable Protections
CVE-2021-39144,Memory Modification (Memory Errors)
CVE-2021-39144,Password Reset
CVE-2021-39144,Modify Configuration
CVE-2021-39144,Obtain Sensitive Information - Other Data
CVE-2021-39144,Obtain Sensitive Information - Credentials
CVE-2021-39144,Read From Memory
CVE-2021-39144,Read Files
CVE-2021-39144,Memory Read (Memory Errors)
CVE-2021-39144,Restart Or Reboot
CVE-2021-39144,Write To Existing File
CVE-2023-21608,Create Or Upload File
CVE-2023-21608,Delete Files
CVE-2023-21608,Disable Protections
CVE-2023-21608,Memory Modification (Memory Errors)
CVE-2023-21608,Change Ownership or Permissions
CVE-2023-21608,Modify Configuration
CVE-2023-21608,Obtain Sensitive Information - Other Data
CVE-2023-21608,Obtain Sensitive Information - Credentials
CVE-2023-21608,Read From Memory
CVE-2023-21608,Read Files
CVE-2023-21608,Memory Read (Memory Errors)
CVE-2023-21608,Restart Or Reboot
CVE-2023-21608,Write To Existing File
CVE-2023-3519,Create Account
CVE-2023-3519,Create Or Upload File
CVE-2023-3519,Delete Files
CVE-2023-3519,Disable Protections
CVE-2023-3519,Memory Modification (Memory Errors)
CVE-2023-3519,Password Reset
CVE-2023-3519,Change Ownership or Permissions
CVE-2023-3519,Modify Configuration
CVE-2023-3519,Obtain Sensitive Information - Other Data
CVE-2023-3519,Obtain Sensitive Information - Credentials
CVE-2023-3519,Read From Memory
CVE-2023-3519,Read Files
CVE-2023-3519,Memory Read (Memory Errors)
CVE-2023-3519,Restart Or Reboot
CVE-2023-3519,Write To Existing File
CVE-2021-22900,Create Or Upload File
CVE-2021-22900,Disable Protections
CVE-2021-22900,Memory Modification (Memory Errors)
CVE-2021-22900,Password Reset
CVE-2021-22900,Change Ownership or Permissions
CVE-2021-22900,Modify Configuration
CVE-2021-22900,Obtain Sensitive Information - Other Data
CVE-2021-22900,Obtain Sensitive Information - Credentials
CVE-2021-22900,Write To Existing File
CVE-2022-26500,Create Account
CVE-2022-26500,Create Or Upload File
CVE-2022-26500,Delete Files
CVE-2022-26500,Disable Protections
CVE-2022-26500,Memory Modification (Memory Errors)
CVE-2022-26500,Password Reset
CVE-2022-26500,Change Ownership or Permissions
CVE-2022-26500,Modify Configuration
CVE-2022-26500,Obtain Sensitive Information - Other Data
CVE-2022-26500,Obtain Sensitive Information - Credentials
CVE-2022-26500,Read From Memory
CVE-2022-26500,Read Files
CVE-2022-26500,Memory Read (Memory Errors)
CVE-2022-26500,Restart Or Reboot
CVE-2022-26500,Write To Existing File
CVE-2013-0640,Create Or Upload File
CVE-2013-0640,Disable Protections
CVE-2013-0640,Memory Modification (Memory Errors)
CVE-2013-0640,Modify Configuration
CVE-2013-0640,Obtain Sensitive Information - Other Data
CVE-2013-0640,Obtain Sensitive Information - Credentials
CVE-2013-0640,Read From Memory
CVE-2013-0640,Read Files
CVE-2013-0640,Memory Read (Memory Errors)
CVE-2013-0640,Restart Or Reboot
CVE-2013-0640,Write To Existing File
CVE-2020-3580,Obtain Sensitive Information - Other Data
CVE-2020-3580,Obtain Sensitive Information - Credentials
CVE-2021-42013,Create Account
CVE-2021-42013,Create Or Upload File
CVE-2021-42013,Delete Files
CVE-2021-42013,Disable Protections
CVE-2021-42013,Memory Modification (Memory Errors)
CVE-2021-42013,Modify Configuration
CVE-2021-42013,Obtain Sensitive Information - Other Data
CVE-2021-42013,Obtain Sensitive Information - Credentials
CVE-2021-42013,Read From Memory
CVE-2021-42013,Read Files
CVE-2021-42013,Memory Read (Memory Errors)
CVE-2021-42013,Write To Existing File
CVE-2023-28229,Disable Protections
CVE-2023-28229,Memory Modification (Memory Errors)
CVE-2023-28229,Password Reset
CVE-2023-28229,Change Ownership or Permissions
CVE-2023-28229,Modify Configuration
CVE-2023-28229,Obtain Sensitive Information - Other Data
CVE-2023-28229,Obtain Sensitive Information - Credentials
CVE-2023-28229,Read Files
CVE-2023-28229,Memory Read (Memory Errors)
CVE-2023-28229,Restart Or Reboot
CVE-2023-28229,Write To Existing File
CVE-2021-21206,Disable Protections
CVE-2021-21206,Memory Modification (Memory Errors)
CVE-2021-21206,Modify Configuration
CVE-2021-21206,Obtain Sensitive Information - Other Data
CVE-2021-21206,Obtain Sensitive Information - Credentials
CVE-2021-21206,Read From Memory
CVE-2021-21206,Read Files
CVE-2021-21206,Memory Read (Memory Errors)
CVE-2021-21206,Restart Or Reboot
CVE-2013-0631,Obtain Sensitive Information - Other Data
CVE-2013-0631,Obtain Sensitive Information - Credentials
CVE-2013-0631,Read From Memory
CVE-2013-0631,Read Files
CVE-2013-0631,Memory Read (Memory Errors)
CVE-2022-42475,Create Account
CVE-2022-42475,Create Or Upload File
CVE-2022-42475,Delete Files
CVE-2022-42475,Disable Protections
CVE-2022-42475,Memory Modification (Memory Errors)
CVE-2022-42475,Password Reset
CVE-2022-42475,Change Ownership or Permissions
CVE-2022-42475,Modify Configuration
CVE-2022-42475,Obtain Sensitive Information - Other Data
CVE-2022-42475,Obtain Sensitive Information - Credentials
CVE-2022-42475,Read From Memory
CVE-2022-42475,Read Files
CVE-2022-42475,Memory Read (Memory Errors)
CVE-2022-42475,Restart Or Reboot
CVE-2022-42475,Write To Existing File
CVE-2021-31166,Create Account
CVE-2021-31166,Create Or Upload File
CVE-2021-31166,Delete Files
CVE-2021-31166,Disable Protections
CVE-2021-31166,Memory Modification (Memory Errors)
CVE-2021-31166,Password Reset
CVE-2021-31166,Change Ownership or Permissions
CVE-2021-31166,Modify Configuration
CVE-2021-31166,Obtain Sensitive Information - Other Data
CVE-2021-31166,Obtain Sensitive Information - Credentials
CVE-2021-31166,Read From Memory
CVE-2021-31166,Read Files
CVE-2021-31166,Memory Read (Memory Errors)
CVE-2021-31166,Restart Or Reboot
CVE-2021-31166,Write To Existing File
CVE-2020-8515,Create Account
CVE-2020-8515,Create Or Upload File
CVE-2020-8515,Delete Files
CVE-2020-8515,Disable Protections
CVE-2020-8515,Memory Modification (Memory Errors)
CVE-2020-8515,Password Reset
CVE-2020-8515,Change Ownership or Permissions
CVE-2020-8515,Modify Configuration
CVE-2020-8515,Obtain Sensitive Information - Other Data
CVE-2020-8515,Obtain Sensitive Information - Credentials
CVE-2020-8515,Read From Memory
CVE-2020-8515,Read Files
CVE-2020-8515,Memory Read (Memory Errors)
CVE-2020-8515,Restart Or Reboot
CVE-2020-8515,Write To Existing File
CVE-2023-38035,Create Account
CVE-2023-38035,Create Or Upload File
CVE-2023-38035,Delete Files
CVE-2023-38035,Disable Protections
CVE-2023-38035,Password Reset
CVE-2023-38035,Change Ownership or Permissions
CVE-2023-38035,Modify Configuration
CVE-2023-38035,Obtain Sensitive Information - Other Data
CVE-2023-38035,Obtain Sensitive Information - Credentials
CVE-2023-38035,Read Files
CVE-2023-38035,Memory Read (Memory Errors)
CVE-2023-38035,Restart Or Reboot
CVE-2023-38035,Write To Existing File
CVE-2022-21919,Create Account
CVE-2022-21919,Create Or Upload File
CVE-2022-21919,Delete Files
CVE-2022-21919,Disable Protections
CVE-2022-21919,Memory Modification (Memory Errors)
CVE-2022-21919,Password Reset
CVE-2022-21919,Change Ownership or Permissions
CVE-2022-21919,Modify Configuration
CVE-2022-21919,Obtain Sensitive Information - Other Data
CVE-2022-21919,Obtain Sensitive Information - Credentials
CVE-2022-21919,Read From Memory
CVE-2022-21919,Read Files
CVE-2022-21919,Memory Read (Memory Errors)
CVE-2022-21919,Restart Or Reboot
CVE-2022-21919,Write To Existing File
CVE-2020-0069,Create Or Upload File
CVE-2020-0069,Delete Files
CVE-2020-0069,Disable Protections
CVE-2020-0069,Memory Modification (Memory Errors)
CVE-2020-0069,Password Reset
CVE-2020-0069,Change Ownership or Permissions
CVE-2020-0069,Modify Configuration
CVE-2020-0069,Obtain Sensitive Information - Other Data
CVE-2020-0069,Obtain Sensitive Information - Credentials
CVE-2020-0069,Read From Memory
CVE-2020-0069,Read Files
CVE-2020-0069,Memory Read (Memory Errors)
CVE-2020-0069,Restart Or Reboot
CVE-2020-0069,Write To Existing File
CVE-2023-26360,Create Account
CVE-2023-26360,Create Or Upload File
CVE-2023-26360,Delete Files
CVE-2023-26360,Disable Protections
CVE-2023-26360,Memory Modification (Memory Errors)
CVE-2023-26360,Password Reset
CVE-2023-26360,Change Ownership or Permissions
CVE-2023-26360,Modify Configuration
CVE-2023-26360,Obtain Sensitive Information - Other Data
CVE-2023-26360,Obtain Sensitive Information - Credentials
CVE-2023-26360,Read From Memory
CVE-2023-26360,Read Files
CVE-2023-26360,Memory Read (Memory Errors)
CVE-2023-26360,Restart Or Reboot
CVE-2023-26360,Write To Existing File
CVE-2017-6742,Disable Protections
CVE-2017-6742,Memory Modification (Memory Errors)
CVE-2017-6742,Password Reset
CVE-2017-6742,Change Ownership or Permissions
CVE-2017-6742,Modify Configuration
CVE-2017-6742,Obtain Sensitive Information - Other Data
CVE-2017-6742,Obtain Sensitive Information - Credentials
CVE-2017-6742,Read From Memory
CVE-2017-6742,Read Files
CVE-2017-6742,Memory Read (Memory Errors)
CVE-2017-6742,Restart Or Reboot
CVE-2022-20708,Create Account
CVE-2022-20708,Create Or Upload File
CVE-2022-20708,Delete Files
CVE-2022-20708,Disable Protections
CVE-2022-20708,Memory Modification (Memory Errors)
CVE-2022-20708,Password Reset
CVE-2022-20708,Change Ownership or Permissions
CVE-2022-20708,Modify Configuration
CVE-2022-20708,Obtain Sensitive Information - Other Data
CVE-2022-20708,Obtain Sensitive Information - Credentials
CVE-2022-20708,Read From Memory
CVE-2022-20708,Read Files
CVE-2022-20708,Memory Read (Memory Errors)
CVE-2022-20708,Restart Or Reboot
CVE-2022-20708,Write To Existing File
CVE-2023-2136,Create Or Upload File
CVE-2023-2136,Disable Protections
CVE-2023-2136,Memory Modification (Memory Errors)
CVE-2023-2136,Change Ownership or Permissions
CVE-2023-2136,Modify Configuration
CVE-2023-2136,Obtain Sensitive Information - Other Data
CVE-2023-2136,Obtain Sensitive Information - Credentials
CVE-2023-2136,Read From Memory
CVE-2023-2136,Read Files
CVE-2023-2136,Memory Read (Memory Errors)
CVE-2023-2136,Write To Existing File
CVE-2022-20700,Create Account
CVE-2022-20700,Create Or Upload File
CVE-2022-20700,Delete Files
CVE-2022-20700,Disable Protections
CVE-2022-20700,Memory Modification (Memory Errors)
CVE-2022-20700,Password Reset
CVE-2022-20700,Change Ownership or Permissions
CVE-2022-20700,Modify Configuration
CVE-2022-20700,Obtain Sensitive Information - Other Data
CVE-2022-20700,Obtain Sensitive Information - Credentials
CVE-2022-20700,Read From Memory
CVE-2022-20700,Read Files
CVE-2022-20700,Memory Read (Memory Errors)
CVE-2022-20700,Restart Or Reboot
CVE-2022-20700,Write To Existing File
CVE-2023-27997,Create Account
CVE-2023-27997,Create Or Upload File
CVE-2023-27997,Delete Files
CVE-2023-27997,Disable Protections
CVE-2023-27997,Memory Modification (Memory Errors)
CVE-2023-27997,Password Reset
CVE-2023-27997,Change Ownership or Permissions
CVE-2023-27997,Modify Configuration
CVE-2023-27997,Obtain Sensitive Information - Other Data
CVE-2023-27997,Obtain Sensitive Information - Credentials
CVE-2023-27997,Read From Memory
CVE-2023-27997,Read Files
CVE-2023-27997,Memory Read (Memory Errors)
CVE-2023-27997,Restart Or Reboot
CVE-2023-27997,Write To Existing File
CVE-2009-3960,Password Reset
CVE-2009-3960,Obtain Sensitive Information - Other Data
CVE-2009-3960,Obtain Sensitive Information - Credentials
CVE-2009-3960,Read From Memory
CVE-2009-3960,Read Files
CVE-2009-3960,Memory Read (Memory Errors)
CVE-2012-0767,Obtain Sensitive Information - Other Data
CVE-2012-0767,Obtain Sensitive Information - Credentials
CVE-2023-33246,Create Account
CVE-2023-33246,Create Or Upload File
CVE-2023-33246,Delete Files
CVE-2023-33246,Disable Protections
CVE-2023-33246,Memory Modification (Memory Errors)
CVE-2023-33246,Password Reset
CVE-2023-33246,Change Ownership or Permissions
CVE-2023-33246,Modify Configuration
CVE-2023-33246,Obtain Sensitive Information - Other Data
CVE-2023-33246,Obtain Sensitive Information - Credentials
CVE-2023-33246,Read From Memory
CVE-2023-33246,Read Files
CVE-2023-33246,Memory Read (Memory Errors)
CVE-2023-33246,Restart Or Reboot
CVE-2023-33246,Write To Existing File
CVE-2021-36934,Create Account
CVE-2021-36934,Create Or Upload File
CVE-2021-36934,Delete Files
CVE-2021-36934,Disable Protections
CVE-2021-36934,Memory Modification (Memory Errors)
CVE-2021-36934,Password Reset
CVE-2021-36934,Change Ownership or Permissions
CVE-2021-36934,Modify Configuration
CVE-2021-36934,Obtain Sensitive Information - Other Data
CVE-2021-36934,Obtain Sensitive Information - Credentials
CVE-2021-36934,Read From Memory
CVE-2021-36934,Read Files
CVE-2021-36934,Memory Read (Memory Errors)
CVE-2021-36934,Restart Or Reboot
CVE-2021-36934,Write To Existing File
CVE-2024-5274,Create Account
CVE-2024-5274,Delete Files
CVE-2024-5274,Disable Protections
CVE-2024-5274,Memory Modification (Memory Errors)
CVE-2024-5274,Obtain Sensitive Information - Other Data
CVE-2024-5274,Obtain Sensitive Information - Credentials
CVE-2024-5274,Read From Memory
CVE-2024-5274,Read Files
CVE-2024-5274,Memory Read (Memory Errors)
CVE-2024-5274,Write To Existing File
CVE-2022-35405,Create Account
CVE-2022-35405,Create Or Upload File
CVE-2022-35405,Delete Files
CVE-2022-35405,Disable Protections
CVE-2022-35405,Memory Modification (Memory Errors)
CVE-2022-35405,Password Reset
CVE-2022-35405,Change Ownership or Permissions
CVE-2022-35405,Modify Configuration
CVE-2022-35405,Obtain Sensitive Information - Other Data
CVE-2022-35405,Obtain Sensitive Information - Credentials
CVE-2022-35405,Read From Memory
CVE-2022-35405,Read Files
CVE-2022-35405,Memory Read (Memory Errors)
CVE-2022-35405,Restart Or Reboot
CVE-2022-35405,Write To Existing File
CVE-2023-36884,Create Account
CVE-2023-36884,Create Or Upload File
CVE-2023-36884,Delete Files
CVE-2023-36884,Disable Protections
CVE-2023-36884,Memory Modification (Memory Errors)
CVE-2023-36884,Password Reset
CVE-2023-36884,Change Ownership or Permissions
CVE-2023-36884,Modify Configuration
CVE-2023-36884,Obtain Sensitive Information - Other Data
CVE-2023-36884,Obtain Sensitive Information - Credentials
CVE-2023-36884,Read From Memory
CVE-2023-36884,Read Files
CVE-2023-36884,Memory Read (Memory Errors)
CVE-2023-36884,Restart Or Reboot
CVE-2023-36884,Write To Existing File
CVE-2021-22017,Create Account
CVE-2021-22017,Disable Protections
CVE-2021-22017,Password Reset
CVE-2021-22017,Modify Configuration
CVE-2021-22017,Obtain Sensitive Information - Other Data
CVE-2021-22017,Obtain Sensitive Information - Credentials
CVE-2021-22017,Read Files
CVE-2022-1040,Create Account
CVE-2022-1040,Create Or Upload File
CVE-2022-1040,Delete Files
CVE-2022-1040,Disable Protections
CVE-2022-1040,Memory Modification (Memory Errors)
CVE-2022-1040,Password Reset
CVE-2022-1040,Change Ownership or Permissions
CVE-2022-1040,Modify Configuration
CVE-2022-1040,Obtain Sensitive Information - Other Data
CVE-2022-1040,Obtain Sensitive Information - Credentials
CVE-2022-1040,Read From Memory
CVE-2022-1040,Read Files
CVE-2022-1040,Memory Read (Memory Errors)
CVE-2022-1040,Restart Or Reboot
CVE-2022-1040,Write To Existing File
CVE-2022-26138,Create Account
CVE-2022-26138,Create Or Upload File
CVE-2022-26138,Password Reset
CVE-2022-26138,Obtain Sensitive Information - Other Data
CVE-2022-26138,Obtain Sensitive Information - Credentials
CVE-2022-26138,Read From Memory
CVE-2022-26138,Read Files
CVE-2022-26138,Restart Or Reboot
CVE-2022-26138,Write To Existing File
CVE-2021-22986,Create Account
CVE-2021-22986,Create Or Upload File
CVE-2021-22986,Delete Files
CVE-2021-22986,Disable Protections
CVE-2021-22986,Memory Modification (Memory Errors)
CVE-2021-22986,Password Reset
CVE-2021-22986,Change Ownership or Permissions
CVE-2021-22986,Modify Configuration
CVE-2021-22986,Obtain Sensitive Information - Other Data
CVE-2021-22986,Obtain Sensitive Information - Credentials
CVE-2021-22986,Read From Memory
CVE-2021-22986,Read Files
CVE-2021-22986,Memory Read (Memory Errors)
CVE-2021-22986,Restart Or Reboot
CVE-2021-22986,Write To Existing File
CVE-2023-22518,Create Account
CVE-2023-22518,Create Or Upload File
CVE-2023-22518,Delete Files
CVE-2023-22518,Disable Protections
CVE-2023-22518,Password Reset
CVE-2023-22518,Change Ownership or Permissions
CVE-2023-22518,Modify Configuration
CVE-2023-22518,Obtain Sensitive Information - Other Data
CVE-2023-22518,Obtain Sensitive Information - Credentials
CVE-2023-22518,Read From Memory
CVE-2023-22518,Read Files
CVE-2023-22518,Restart Or Reboot
CVE-2023-22518,Write To Existing File
CVE-2023-38203,Create Account
CVE-2023-38203,Create Or Upload File
CVE-2023-38203,Delete Files
CVE-2023-38203,Disable Protections
CVE-2023-38203,Memory Modification (Memory Errors)
CVE-2023-38203,Password Reset
CVE-2023-38203,Change Ownership or Permissions
CVE-2023-38203,Modify Configuration
CVE-2023-38203,Obtain Sensitive Information - Other Data
CVE-2023-38203,Obtain Sensitive Information - Credentials
CVE-2023-38203,Read From Memory
CVE-2023-38203,Read Files
CVE-2023-38203,Memory Read (Memory Errors)
CVE-2023-38203,Restart Or Reboot
CVE-2023-38203,Write To Existing File
CVE-2024-34102,Create Account
CVE-2024-34102,Create Or Upload File
CVE-2024-34102,Delete Files
CVE-2024-34102,Disable Protections
CVE-2024-34102,Memory Modification (Memory Errors)
CVE-2024-34102,Password Reset
CVE-2024-34102,Modify Configuration
CVE-2024-34102,Obtain Sensitive Information - Other Data
CVE-2024-34102,Obtain Sensitive Information - Credentials
CVE-2024-34102,Read From Memory
CVE-2024-34102,Read Files
CVE-2024-34102,Memory Read (Memory Errors)
CVE-2024-34102,Restart Or Reboot
CVE-2024-34102,Write To Existing File
CVE-2023-49103,Create Account
CVE-2023-49103,Password Reset
CVE-2023-49103,Change Ownership or Permissions
CVE-2023-49103,Modify Configuration
CVE-2023-49103,Obtain Sensitive Information - Other Data
CVE-2023-49103,Obtain Sensitive Information - Credentials
CVE-2023-49103,Read From Memory
CVE-2023-49103,Read Files
CVE-2015-0310,Create Or Upload File
CVE-2015-0310,Disable Protections
CVE-2015-0310,Memory Modification (Memory Errors)
CVE-2015-0310,Password Reset
CVE-2015-0310,Modify Configuration
CVE-2015-0310,Obtain Sensitive Information - Other Data
CVE-2015-0310,Obtain Sensitive Information - Credentials
CVE-2015-0310,Read From Memory
CVE-2015-0310,Read Files
CVE-2015-0310,Memory Read (Memory Errors)
CVE-2015-0310,Restart Or Reboot
CVE-2015-0310,Write To Existing File
CVE-2012-0754,Create Account
CVE-2012-0754,Create Or Upload File
CVE-2012-0754,Delete Files
CVE-2012-0754,Disable Protections
CVE-2012-0754,Memory Modification (Memory Errors)
CVE-2012-0754,Password Reset
CVE-2012-0754,Change Ownership or Permissions
CVE-2012-0754,Modify Configuration
CVE-2012-0754,Obtain Sensitive Information - Other Data
CVE-2012-0754,Obtain Sensitive Information - Credentials
CVE-2012-0754,Read From Memory
CVE-2012-0754,Read Files
CVE-2012-0754,Memory Read (Memory Errors)
CVE-2012-0754,Restart Or Reboot
CVE-2012-0754,Write To Existing File
CVE-2021-29256,Create Account
CVE-2021-29256,Create Or Upload File
CVE-2021-29256,Disable Protections
CVE-2021-29256,Memory Modification (Memory Errors)
CVE-2021-29256,Password Reset
CVE-2021-29256,Change Ownership or Permissions
CVE-2021-29256,Modify Configuration
CVE-2021-29256,Obtain Sensitive Information - Other Data
CVE-2021-29256,Obtain Sensitive Information - Credentials
CVE-2021-29256,Read From Memory
CVE-2021-29256,Read Files
CVE-2021-29256,Memory Read (Memory Errors)
CVE-2021-29256,Restart Or Reboot
CVE-2021-29256,Write To Existing File
CVE-2022-20701,Create Account
CVE-2022-20701,Create Or Upload File
CVE-2022-20701,Delete Files
CVE-2022-20701,Disable Protections
CVE-2022-20701,Memory Modification (Memory Errors)
CVE-2022-20701,Password Reset
CVE-2022-20701,Change Ownership or Permissions
CVE-2022-20701,Modify Configuration
CVE-2022-20701,Obtain Sensitive Information - Other Data
CVE-2022-20701,Obtain Sensitive Information - Credentials
CVE-2022-20701,Read From Memory
CVE-2022-20701,Read Files
CVE-2022-20701,Memory Read (Memory Errors)
CVE-2022-20701,Restart Or Reboot
CVE-2022-20701,Write To Existing File
CVE-2007-5659,Disable Protections
CVE-2007-5659,Memory Modification (Memory Errors)
CVE-2007-5659,Obtain Sensitive Information - Other Data
CVE-2007-5659,Obtain Sensitive Information - Credentials
CVE-2007-5659,Read From Memory
CVE-2007-5659,Read Files
CVE-2007-5659,Memory Read (Memory Errors)
CVE-2007-5659,Write To Existing File
CVE-2022-26134,Create Account
CVE-2022-26134,Create Or Upload File
CVE-2022-26134,Delete Files
CVE-2022-26134,Disable Protections
CVE-2022-26134,Memory Modification (Memory Errors)
CVE-2022-26134,Password Reset
CVE-2022-26134,Change Ownership or Permissions
CVE-2022-26134,Modify Configuration
CVE-2022-26134,Obtain Sensitive Information - Other Data
CVE-2022-26134,Obtain Sensitive Information - Credentials
CVE-2022-26134,Read From Memory
CVE-2022-26134,Read Files
CVE-2022-26134,Memory Read (Memory Errors)
CVE-2022-26134,Restart Or Reboot
CVE-2022-26134,Write To Existing File
CVE-2021-22204,Create Account
CVE-2021-22204,Create Or Upload File
CVE-2021-22204,Delete Files
CVE-2021-22204,Disable Protections
CVE-2021-22204,Memory Modification (Memory Errors)
CVE-2021-22204,Change Ownership or Permissions
CVE-2021-22204,Modify Configuration
CVE-2021-22204,Obtain Sensitive Information - Other Data
CVE-2021-22204,Obtain Sensitive Information - Credentials
CVE-2021-22204,Read From Memory
CVE-2021-22204,Read Files
CVE-2021-22204,Memory Read (Memory Errors)
CVE-2021-22204,Restart Or Reboot
CVE-2021-22204,Write To Existing File
CVE-2009-4324,Create Or Upload File
CVE-2009-4324,Delete Files
CVE-2009-4324,Disable Protections
CVE-2009-4324,Memory Modification (Memory Errors)
CVE-2009-4324,Modify Configuration
CVE-2009-4324,Obtain Sensitive Information - Other Data
CVE-2009-4324,Obtain Sensitive Information - Credentials
CVE-2009-4324,Read From Memory
CVE-2009-4324,Read Files
CVE-2009-4324,Memory Read (Memory Errors)
CVE-2009-4324,Restart Or Reboot
CVE-2009-4324,Write To Existing File
